Workbook

Sheet Sheet1
A1: Name | B1: Path | C1: Access | D1: Modality | E1: Body Part | F1: Format | G1: Shape | H1: Resolution | I1: Task | J1: Other Data (e.g., masks) | K1: Websites | L1: References | N1: # Images | O1: Format | P1: Location | Q1: File | R1: Downloaded | S1: Decompressed | T1: Agreement Required | U1: Agreement Submitted | V1: Approved | W1: Processed | X1: Link | Y1: Link2 | AA1: Notes | AG1: Path
A2: RP3D-DiagDS | B2: https://github.com/qiaoyu-zheng/RP3D-Diag | C2: Missing | D2: CT, MRI, US, X-Ray, NM | E2: Head&Neck, Abdomen&Pelvis,LowerLimb,UpperLimb,Chest,Spine,Breast | I2: Classification | J2: labeled with 5569 disorder labels and 931 ICD-10-CM disorder labels (coarse mapping); some cases include images from multiple modalities (~20%) | K2: https://qiaoyu-zheng.github.io/RP3D-Diag/ | N2: 5274618 | R2: FALSE | T2: TRUE | U2: TRUE | V2: FALSE | W2: FALSE | X2: https://huggingface.co/datasets/QiaoyuZheng/RP3D-DiagDS
A3: ULS23 | B3: /mnt/data-nas/medical_datasets/ULS23 | C3: Yes | D3: CT | E3: Whole Body | F3: .nii | H3: 256 × 256 × 128 | I3: Segmentation | J3: lesion segmentation, masks, 2D and 3D | K3: https://www.sciencedirect.com/science/article/pii/S1361841525000738?utm_source=chatgpt.com | N3: 4240609 | P3: NAS | Q3: NAS: ULS23 | R3: TRUE | S3: TRUE | X3: https://uls23.grand-challenge.org/uls23/
A4: SAM-Med2D-20M | B4: /mnt/data-nas/medical_datasets/SAM-Med2D-20M | C4: Yes | D4: CT, MRI, PET, X-Ray, Ultrasound, Endoscopy, Microscopy, Ophthalmic | E4: Head, Brain, Abdomen, Chest | F4: .png | H4: 256 x 256 pixels | I4: Segmentation | J4: Masks of corresponding images | K4: https://huggingface.co/datasets/OpenGVLab/SA-Med2D-20M | L4: https://arxiv.org/abs/2311.11969 | N4: 3769486 | P4: NAS | Q4: NAS: SAM-Med2D-20M | R4: TRUE | S4: FALSE | X4: https://huggingface.co/datasets/OpenGVLab/SA-Med2D-20M
A5: FastMRI | B5: /mnt/data-nas/medical_datasets/FastMRI | C5: Yes | D5: MRI | E5: Knee, Brain, Prostate, Breast | F5: .dcm | I5: Reconstruction | J5: Raw data from single and multi coils,fully-sampled ground-truth images | K5: https://fastmri.med.nyu.edu/ | L5: https://arxiv.org/pdf/1811.08839 | N5: 2453909 | P5: NAS | Q5: NAS: FastMRI | R5: TRUE | S5: FALSE | T5: TRUE | U5: TRUE | X5: https://fastmri.med.nyu.edu
A6: HCP | B6: /mnt/data-nas/medical_datasets/HCP | C6: Yes | D6: MRI (rfMRI,fMRI,dMRI,tfMRI) | E6: Brain | H6: 0.7 mm × 0.7 mm × 0.7 mm | I6: Classification | K6: https://www.humanconnectome.org/study/hcp-young-adult/document/hcp-young-adult-2025-release | N6: 1424290 | R6: FALSE | T6: TRUE | X6: https://www.humanconnectome.org/study/hcp-young-adult/data-releases | AA6: Download the Structural MRI package
A7: RadImageNet | B7: /mnt/data-nas/medical_datasets/radiology_ai | C7: Yes | D7: CT, MRI, US | E7: Abdomen | F7: .png | G7: 224x224x3 | H7: 224 x 224 pixels | I7: Classification | J7: Pathological labels | K7: https://www.radimagenet.com | L7: https://pubs.rsna.org/doi/full/10.1148/ryai.210315 | N7: 1078477 | P7: NAS | Q7: NAS: radiology_ai | R7: TRUE | S7: TRUE | T7: TRUE | U7: TRUE | V7: TRUE | W7: FALSE | X7: https://www.radimagenet.com | Y7: https://drive.google.com/file/d/1nQhybYZ7EBA886LaaR1vWm7BqKGEiHEf/view | AA7: NoDerivatives
A8: Quilt-1M | B8: /mnt/data-nas/medical_datasets/Quilt-1M | C8: Yes | D8: Microscopy | E8: Whole Body | F8: .jpg, .png | H8: Multiple (average 882 x 1468) | I8: CLIP (zero-shot linear probing and cross-modal retrieval) | J8: Medical text, ROI (region of interest) text, sub-pathology text labels | K8: https://quilt1m.github.io/ | L8: https://arxiv.org/abs/2306.11207 | N8: 643526 | P8: NAS | Q8: NAS: Quilt-1M | R8: TRUE | S8: TRUE | T8: TRUE | U8: TRUE | V8: TRUE | W8: TRUE | X8: https://github.com/wisdomikezogwo/quilt1m?tab=readme-ov-file | Y8: https://zenodo.org/records/8239942
A9: ISIC-2024 | B9: /mnt/data-nas/medical_datasets/ISIC_2024_Training_Input | C9: Yes | D9: Dermoscopy | E9: Skin | F9: .jpg | G9: (155, 155, 3) | H9: 15 mm × 15 mm (Field of View) | I9: Classification | J9: Images come from different places, different resolution but same FoV. 2D JPEGS | K9: https://www.kaggle.com/competitions/isic-2024-challenge | N9: 401059 | P9: NAS | Q9: NAS: ISIC_2024_Training_Input | R9: TRUE | S9: TRUE | W9: TRUE | X9: https://challenge2024.isic-archive.com
A10: VinDr-Multiphase | B10: /mnt/data-nas/medical_datasets/VinDr-Multiphase | C10: Yes | D10: CT | E10: Abdomen | F10: .dcm , .dicom | G10: 512x512 | H10: 512 x 512 pixels | I10: Classification | J10: Phase labels | K10: https://vindr.ai/datasets/abdomen-phases | L10: https://pubmed.ncbi.nlm.nih.gov/35428990/ | N10: 392559 | P10: NAS | Q10: NAS: VinDr-Multiphase | R10: TRUE | T10: TRUE | U10: TRUE | V10: TRUE | W10: TRUE | X10: https://vindr.ai/datasets/abdomen-phases
A11: MIMIC-CXR | B11: /mnt/data-nas/biovfm/mimic-cxr-jpg-2.1.0 | C11: Yes | D11: X-Ray | E11: Chest | F11: .jpg | G11: HXW (2544X3056) | H11: 512x512 to 4096x4096 pixels | I11: Self-supervised/CLIP | J11: Radiology reports, study and patient identifiers, examination name, multiple images per patient | K11: https://physionet.org/content/mimic-cxr/2.1.0/ | L11: https://www.nature.com/articles/s41597-019-0322-0 | N11: 377100 | P11: NAS | Q11: NAS: mimic-cxr-jpg-2.1.0 | R11: TRUE | S11: TRUE | W11: TRUE | X11: https://github.com/MIT-LCP/mimic-cxr
A12: PatchCamelyon | B12: /mnt/data-nas/medical_datasets/PatchCamelyon | C12: Yes | D12: Microscopy | E12: Microscopy | F12: .png | H12: 96x96 | I12: Classification | J12: Histopathologic scans of lymph node sections | K12: https://github.com/basveeling/pcam | N12: 262144 | P12: NAS | Q12: NAS: PatchCamelyon | R12: TRUE | S12: TRUE | X12: https://patchcamelyon.grand-challenge.org
A13: CheXpert | B13: /mnt/data-nas/medical_datasets/chexpert | C13: Yes | D13: X-Ray | E13: Chest | F13: .png | H13: 2000 x 2000 to 3000 x 3000 pixels | I13: Classification | J13: Pathological labels | K13: https://stanfordmlgroup.github.io/competitions/chexpert/ | L13: https://arxiv.org/abs/1901.07031 | N13: 223414 | P13: NAS | Q13: ? | R13: TRUE | S13: TRUE | W13: FALSE | X13: https://stanfordmlgroup.github.io/competitions/chexpert/ | AA13: location?
A14: PadChest | B14: /mnt/data-nas/medical_datasets/PadChest | C14: Yes | D14: X-Ray | E14: Chest | F14: .png | H14: Multiple (high res. ~1500-2800) | I14: Classification | J14: Multiple images per patient, radiography report in spanish, metadata about patient and image (birth, sex...) | K14: https://bimcv.cipf.es/bimcv-projects/padchest/ | L14: https://www.sciencedirect.com/science/article/pii/S1361841520301614?via%3Dihub | N14: 160828 | P14: NAS | Q14: NAS: PadChest | R14: TRUE | T14: TRUE | U14: TRUE | X14: https://bimcv.cipf.es/bimcv-projects/padchest/ | Y14: https://b2drop.bsc.es/index.php/s/BIMCV-PadChest-FULL
A15: EyePACS | B15: /mnt/data-nas/medical_datasets/EyePACS | C15: Yes | D15: Ophthalmic | E15: Fundus | F15: .jpeg | G15: HXWX3 | H15: 433 x 289 pixels to 5184 x 3456 pixels | I15: Classification | J15: diabetic retinopathy fundus images, graded from 0 to 4 | K15: https://www.kaggle.com/c/diabetic-retinopathy-detection/ | N15: 101400 | P15: NAS | Q15: NAS: EyePACS | R15: TRUE | S15: TRUE | T15: TRUE | U15: TRUE | W15: TRUE | X15: https://www.kaggle.com/c/diabetic-retinopathy-detection/
A16: NCT-CRC-HE-100K | B16: /mnt/data-nas/medical_datasets/NCT-CRC-HE-100K | C16: Yes | D16: Microscopy | E16: Abdomen | F16: .tif | G16: 224x224x3 | H16: 224 x 224 pixels | I16: Classification | J16: Pathological labels | K16: https://zenodo.org/records/1214456 | N16: 100000 | P16: NAS | Q16: NAS: NCT-CRC-HE-100K | R16: TRUE | S16: TRUE | W16: TRUE | X16: https://zenodo.org/records/1214456
A17: Endo-FM | B17: /mnt/data-nas/medical_datasets/Endo-FM | C17: Yes | D17: Endoscopy | E17: Gastrointestinal | F17: .mp4 | I17: Self-supervised (classification, segmentation, detection) | K17: https://arxiv.org/abs/2306.16741 | N17: 93015 | P17: NAS | Q17: NAS: Endo-FM.tar | R17: TRUE | S17: FALSE | W17: FALSE | X17: https://github.com/openmedlab/Endo-FM#pre-training-data-6-public--1-private
A18: ChestXray-14 | B18: /mnt/data-nas/medical_datasets/ChestXray-14 | C18: Yes | D18: X-Ray | E18: Chest | F18: .png | G18: 1024x1024 | H18: 1024 x 1024 pixels | I18: Classification | J18: 14 common thoracic pathologies | K18: https://bio-protocol.org/exchange/minidetail?id=17520318&type=30&utm_source=chatgpt.com | N18: 86524 | P18: NAS | Q18: NAS: ChestXray-14 | R18: TRUE | S18: TRUE | W18: TRUE | X18: https://www.kaggle.com/datasets/nih-chest-xrays/data
A19: Kvasir-Capsule | B19: /mnt/data-nas/medical_datasets/Kvasir-Capsule | C19: Yes | D19: Endoscopy | E19: Abdomen | F19: .jpg | G19: HXWX3 (336x336x3) | H19: 256 x 256 to 512 x 512 pixels | I19: Classification | J19: Pathological labels | K19: https://datasets.simula.no/kvasir-capsule/ | L19: https://www.nature.com/articles/s41597-021-00920-z | N19: 79473 | P19: NAS | Q19: NAS: Kvasir-Capsule | R19: TRUE | S19: TRUE | W19: TRUE | X19: https://datasets.simula.no/kvasir-capsule/
A20: ISIC-Archive | B20: /mnt/data-nas/medical_datasets/ISIC-Archive | C20: Yes | D20: Dermoscopy | E20: Skin | F20: .jpg,.png | G20: HXWX3, HXW | K20: https://api.isic-archive.com/images/ | N20: 58551 | P20: NAS | Q20: NAS: ISIC-Archive | R20: TRUE | S20: TRUE | W20: TRUE | X20: https://api.isic-archive.com/images/
A21: UW-Madison GI | B21: /mnt/data-nas/medical_datasets/UW-Madison-GI | C21: Yes | D21: MRI | E21: Gastrointestinal tract (Stomach, Abdomen) | F21: .png | H21: 266 x 266 pixels typically, but multiple | I21: Segmentation | J21: The filenames of the images in this dataset contain four numbers (e.g., 276_276_1.63_1.63.png), representing the width/height of the slice in pixels (as integers) and the pixel spacing in width/height (as floating-point numbers) in millimeters. The first two numbers define the resolution of the slice, while the last two indicate the physical size of each pixel. | K21: https://www.kaggle.com/competitions/uw-madison-gi-tract-image-segmentation | N21: 38496 | P21: NAS | Q21: NAS: UW-Madison-GI | R21: TRUE | S21: TRUE | T21: TRUE | U21: TRUE | X21: https://www.kaggle.com/competitions/uw-madison-gi-tract-image-segmentation/overview
A22: TDSC-ABUS | B22: /mnt/data-nas/medical_datasets/TDSC-ABUS | C22: Yes | D22: US | E22: Chest | F22: .nrrd | G22: 3d (865, 608, 330) | H22: 843 x 546 x 270 to 865 x 682 x 354 pixels | I22: Segmentation, Classification | J22: Tumor boundaries, benign / malignant label | K22: https://tdsc-abus2023.grand-challenge.org/TDSC-ABUS2023/, https://github.com/mralinp/tdsc-abus2023-pytorch/tree/main | L22: https://arxiv.org/abs/2501.15588 | N22: 34210 | P22: NAS | Q22: NAS: TDSC-ABUS | R22: TRUE | S22: TRUE | T22: TRUE | U22: TRUE | V22: FALSE | W22: FALSE | X22: https://tdsc-abus2023.grand-challenge.org/Dataset/ | AA22: (.nrrd)
A23: EchoNet-Dynamic | B23: /mnt/data-nas/medical_datasets/EchoNet-Dynamic | C23: Yes | D23: US | E23: Chest | F23: .mp4 | H23: 112 x 112 videos | I23: Segmentation, regression | J23: Video metadata (fps...), medical metadata (EF, ESV,EDV - heart related), tracing for left ventricle | K23: https://echonet.github.io/dynamic/ | L23: https://www.nature.com/articles/s41586-020-2145-8 | N23: 25608 | P23: NAS | Q23: NAS: EchoNet-Dynamic | R23: TRUE | S23: TRUE | T23: TRUE | U23: TRUE | W23: FALSE | X23: https://echonet.github.io/dynamic/ | AA23: NoDerivatives
A24: LC25000 | B24: /mnt/data-nas/medical_datasets/lung_colon_image_set | C24: Yes | D24: Microscopy | E24: Lung and Colon | F24: .jpeg | G24: 768x768x3 | H24: 768 x 768 pixels | I24: Classification | J24: This dataset is divided into 5 categories: colon adenocarcinoma, benign colon tissue, lung adenocarcinoma, lung squamous cell carcinoma, and benign lung tissue, with 5,000 images for each category. | K24: https://github.com/tampapath/lung_colon_image_set | N24: 25000 | P24: NAS | Q24: NAS: lung_colon_image_set | R24: TRUE | S24: TRUE | W24: FALSE | X24: https://github.com/tampapath/lung_colon_image_set | Y24: https://www.kaggle.com/datasets/javaidahmadwani/lc25000
A25: fitzpatrick17k | B25: /mnt/data-nas/biovfm/data/finalfitz17k | C25: Yes | D25: Dermoscopy | E25: Skin | F25: .jpg | G25: HXWX3 (1367,1734,3) | H25: 300 x 300 to 400 x 400 pixels | I25: Classification | J25: Skin conditions | K25: https://github.com/mattgroh/fitzpatrick17k/tree/main | L25: https://arxiv.org/abs/2104.09957 | N25: 16577 | P25: NAS | Q25: NAS: data | R25: TRUE | S25: TRUE | T25: TRUE | U25: TRUE | V25: TRUE | W25: TRUE | X25: https://github.com/mattgroh/fitzpatrick17k/tree/main | Y25: https://drive.google.com/file/d/1B_dHew_vLq3h8QH6ufzA1Eh9N7guB8uj/view
A26: VinDr-Mammo | B26: /mnt/data-nas/medical_datasets/VinDr-Mammo | C26: Yes | D26: X-Ray | E26: Breast | F26: (no location) | I26: Classification, Object detection | J26: 4 views per image, bounding box annotations, BI-RADS (findings label) and breast density | K26: https://vindr.ai/datasets/mammo | L26: https://www.medrxiv.org/content/10.1101/2022.03.07.22272009v1 | N26: 16000 | P26: NAS | Q26: ? | R26: TRUE | S26: FALSE | T26: TRUE | U26: TRUE | W26: FALSE | X26: https://vindr.ai/datasets/mammo | Y26: https://www.physionet.org/content/vindr-mammo/1.0.0/
A27: VinDr-CXR | B27: /mnt/data-nas/medical_datasets/VinDr-CXR | C27: Yes | D27: X-Ray | E27: Chest | F27: .dcm , .dicom | H27: 2788x2446 pixels median | I27: Classification | K27: https://vindr.ai/cxr | N27: 15000 | R27: FALSE | T27: TRUE | U27: TRUE | V27: FALSE | W27: FALSE | X27: https://vindr.ai/cxr | Y27: https://www.kaggle.com/c/vinbigdata-chest-xray-abnormalities-detection/data
A28: AOD | B28: /mnt/data-nas/medical_datasets/AOD | C28: Yes | D28: Ophthalmic | E28: Fundus | F28: .jpg | G28: H x W x 3 | H28: 1000 x 1000 to 3000 x 3000 pixels | I28: Classification | J28: Pathological labels | K28: https://www.kaggle.com/datasets/nurmukhammed7/augemnted-ocular-diseases | N28: 14813 | P28: NAS | Q28: NAS: AOD | R28: TRUE | S28: TRUE | W28: TRUE | X28: https://www.kaggle.com/datasets/nurmukhammed7/augemnted-ocular-diseases
A29: DDR | B29: /mnt/data-nas/medical_datasets/DDR | C29: Yes | D29: Ophthalmic | E29: Fundus | F29: .jpg | H29: Multiple | I29: Classification, Segmentation, Object detection | J29: Image DR (Diabetic Retinopathy) 6-level grading, masks for 4 lesions, bounding box following masks | K29: https://github.com/nkicsl/DDR-dataset | L29: http://www.sciencedirect.com/science/article/pii/S0020025519305377 | N29: 13671 | P29: NAS | Q29: NAS: DDR | R29: TRUE | S29: TRUE | X29: https://github.com/nkicsl/DDR-dataset
A30: VinDr-BodyPartXR | B30: /mnt/data-nas/medical_datasets/VinDr-BodyPartXR | C30: Yes | D30: X-Ray | E30: Full Body | F30: (permission denied) | H30: Multiple - no mentions on portals | I30: Classification | J30: Multiple body part X-ray classification | K30: https://vindr.ai/datasets/bodypartxr | N30: 11258 | P30: NAS | Q30: NAS: VinDr-BodyPartXR | R30: TRUE | T30: TRUE | U30: TRUE | V30: FALSE | W30: FALSE | X30: https://vindr.ai/datasets/bodypartxr
A31: VinDr-SpineXr | B31: /mnt/data-nas/medical_datasets/VinDr-SpineXR | C31: Yes | D31: X-Ray | E31: Head | F31: .dcm | H31: 2500 x 1600 pixels, various | I31: Classification | J31: Pathological labels | K31: https://vindr.ai/spinexr | L31: https://arxiv.org/abs/2106.12930 | N31: 8389 | P31: NAS | Q31: NAS: Vindr-SpineXR | R31: TRUE | S31: FALSE | T31: TRUE | U31: TRUE | X31: https://vindr.ai/spinexr | Y31: https://www.physionet.org/content/vindr-spinexr/1.0.0/
A32: Object-CXR | B32: /mnt/data-nas/medical_datasets/Object-CXR | C32: Yes | D32: X-Ray | E32: Chest | F32: .jpg | G32: HXW (3065, 2552) | I32: Object detection, Classification | J32: Bounding shape (rectangle, ellipse, polygon) for foreign objects | K32: https://web.archive.org/web/20201127235812/https://jfhealthcare.github.io/object-CXR/ | N32: 8000 | P32: NAS | Q32: NAS: Object-CXR | R32: TRUE | S32: TRUE | W32: FALSE | X32: https://web.archive.org/web/20201127235812/https://jfhealthcare.github.io/object-CXR/ | Y32: https://www.kaggle.com/datasets/raddar/foreign-objects-in-chest-xrays
A33: VinDr-PCXR | B33: /mnt/data-nas/medical_datasets/VinDr-PCXR | C33: Yes | D33: X-Ray | E33: Chest | F33: .dcm | H33: Multiple - no mentions on portals | I33: Classification | J33: pediatric CXR dataset | K33: https://vindr.ai/datasets/pediatric-chest-x-ray | N33: 7728 | P33: NAS | Q33: NAS: Vindr-PCXR | R33: TRUE | S33: FALSE | T33: TRUE | U33: TRUE | X33: https://vindr.ai/datasets/pediatric-chest-x-ray | Y33: https://physionet.org/content/vindr-pcxr/1.0.0/
A34: OpenI | B34: /mnt/data-nas/medical_datasets/OpenI | C34: Yes | D34: X-Ray | E34: Chest | F34: .png | G34: HXWX3 (624, 512, 3) | H34: 512 x 512 pixels, various | I34: N/A | K34: https://openi.nlm.nih.gov | L34: https://pmc.ncbi.nlm.nih.gov/articles/PMC5009925/ | N34: 7470 | P34: NAS | Q34: NAS: OpenI | R34: TRUE | S34: TRUE | W34: FALSE | X34: https://pmc.ncbi.nlm.nih.gov/articles/PMC5009925/ | Y34: https://openi.nlm.nih.gov/faq?download=true
A35: Messidor-2 | B35: /mnt/data-nas/medical_datasets/Messidor-2 | C35: Yes | D35: Ophthalmic | E35: Fundus | F35: .tif | G35: HXWX3 (1536,2304,3) | H35: 1440x960, 2240x1488,2304x1536 | I35: Retrieval, Quantization | J35: Retinopathy grade (lesion) and risk of macular edema label | K35: https://www.adcis.net/en/third-party/messidor/ | N35: 1744 | P35: NAS | Q35: NAS: Messidor-2 | R35: TRUE | S35: TRUE | T35: TRUE | U35: TRUE | W35: FALSE | X35: https://www.adcis.net/en/third-party/messidor/
A36: XCAD | B36: /mnt/data-nas/medical_datasets/XCAD | C36: Yes | D36: X-Ray | E36: Heart | F36: ,png | G36: 512x512 | H36: 512x512 pixels | I36: Segmentation | J36: The training set contains 1621 mask frames and 1621 coronary angiograms. | K36: https://github.com/AISIGSJTU/SSVS | N36: 1705 | P36: NAS | Q36: NAS: XCAD | R36: TRUE | S36: TRUE | W36: FALSE | X36: https://github.com/AISIGSJTU/SSVS
A37: ROSSA | B37: /mnt/data-nas/medical_datasets/ROSSA | C37: Yes | D37: Ophthalmic | E37: Fundus | F37: .png | G37: 320x320 | H37: 320 x 320 pixels | I37: Segmentation | J37: Vessel masks | K37: https://github.com/nhjydywd/OCTA-FRNet | L37: https://arxiv.org/abs/2309.09483 | N37: 818 | P37: NAS | Q37: NAS: ROSSA | R37: TRUE | S37: TRUE | W37: TRUE | X37: https://github.com/nhjydywd/OCTA-FRNet | Y37: https://github.com/nhjydywd/OCTA-FRNet/tree/main/dataset
A38: SARAS-ESAD | B38: /mnt/data-nas/medical_datasets/SARAS-ESAD | C38: Yes | D38: Endoscopy | E38: Prostate | F38: .jpg | G38: 1080x1920x3 | I38: Action detection | J38: Bounding box for action instances | K38: https://saras-esad.grand-challenge.org/Dataset/ | N38: 670 | P38: NAS | Q38: NAS: SARAS-ESAD | R38: TRUE | S38: TRUE | W38: FALSE | X38: https://saras-esad.grand-challenge.org/Dataset/
A39: ShenzhenCXR | B39: /mnt/data-nas/medical_datasets/ShenzhenCXR | C39: Yes | D39: X-Ray | E39: Chest | F39: .png | G39: HXWX3 | H39: 3000x3000 pixel median | I39: Classification | J39: The image file names follow the format CHNCXR_#####0/1.png, where '0' represents normal and '1' represents abnormal. | K39: https://github.com/openmedlab/Awesome-Medical-Dataset/blob/main/resources/Shenzhen_chest_X-ray.md | N39: 662 | P39: NAS | Q39: NAS: ShenzhenCXR | R39: TRUE | S39: TRUE | W39: FALSE | X39: https://openi.nlm.nih.gov/faq#faq-tb-coll | Y39: https://www.kaggle.com/datasets/raddar/tuberculosis-chest-xrays-shenzhen
A40: FIVES | B40: /mnt/data-nas/medical_datasets/FIVES | C40: Yes | D40: Ophthalmic | E40: Fundus | F40: .png | G40: 2048X2048X3 | H40: 2048 x 2048 pixels | I40: Segmentation | J40: Vessel masks | K40: https://figshare.com/articles/figure/FIVES_A_Fundus_Image_Dataset_for_AI-based_Vessel_Segmentation/19688169?file=34969398 | L40: https://www.nature.com/articles/s41597-022-01564-3 | N40: 598 | P40: NAS | Q40: NAS: FIVES | R40: TRUE | S40: TRUE | W40: FALSE | X40: https://figshare.com/articles/figure/FIVES_A_Fundus_Image_Dataset_for_AI-based_Vessel_Segmentation/19688169?file=34969398
A41: E-ophtha | B41: /mnt/data-nas/medical_datasets/E-ophtha | C41: Yes | D41: Ophthalmic | E41: Fundus | F41: .jpg,.png | G41: HXWX3, HXW | I41: Lesion detection | J41: Possibly multiple images per patient visit, binary mask of lesions | K41: https://www.adcis.net/en/third-party/e-ophtha/ | L41: https://www.clinicalkey.com/#!/content/playContent/1-s2.0-S1959031813000237?returnurl=https:%2F%2Flinkinghub.elsevier.com%2Fretrieve%2Fpii%2FS1959031813000237%3Fshowall%3Dtrue&referrer= | N41: 463 | P41: NAS | Q41: NAS: E-ophtha | R41: TRUE | S41: TRUE | T41: TRUE | U41: TRUE | W41: TRUE | X41: https://www.adcis.net/en/third-party/e-ophtha/
A42: DrSAM | B42: /mnt/data-nas/medical_datasets/DrSAM | C42: Yes | D42: X-Ray | E42: Abdomen | F42: .jpg,.png | G42: HXWX3, HXW | H42: 450 images - 386x448 pixels, 50 images - 819x950 pixels | I42: Segmentation | J42: For each image, there are corresponding binary vessel masks, and metadata describing bounding boxes and anomaly points (stenosis / aneurysm) as JSON. | K42: https://github.com/vazgenzohranyan/Dr.SAM | N42: 400 | P42: NAS | Q42: NAS: DrSAM | R42: TRUE | S42: TRUE | W42: TRUE | X42: https://drive.google.com/file/d/1TjxEJUD4VC_SAPcqdNVybsKRb_xW-Bze/edit
A43: STARE | B43: /mnt/data-nas/biovfm/STARE | C43: Yes | D43: Ophthalmic | E43: Fundus | F43: .ppm | H43: 700 x 605 pixels | I43: N/A | K43: https://cecas.clemson.edu/~ahoover/stare/ | N43: 393 | P43: NAS | Q43: NAS: STARE | R43: TRUE | S43: TRUE | W43: FALSE | X43: https://cecas.clemson.edu/~ahoover/stare/
A44: RIM-ONE DL | B44: /mnt/data-nas/medical_datasets/RIM-ONE-DL | C44: Yes | D44: Ophthalmic | E44: Fundus | F44: .png | G44: HXWX3 | H44: Multiple (square 274-793) | I44: Classification | J44: Glaucoma classification labels, manual segmentation | K44: https://github.com/miag-ull/rim-one-dl | L44: https://www.ias-iss.org/ojs/IAS/article/view/2346 | M44: Intensity re-scaling to 0-1 range and resizing them to 224x224x3 | N44: 377 | P44: NAS | Q44: NAS: RIM-ONE-DL | R44: TRUE | S44: TRUE | W44: FALSE | X44: https://github.com/miag-ull/rim-one-dl
A45: OCTA-500 | B45: /mnt/data-nas/medical_datasets/OCTA-500 | C45: Yes | D45: Ophthalmic | E45: Fundus | F45: .bmp | H45: 400 x 400 x 640 pixels, 340 x 340 x 640 pixels | I45: Segmentation | J45: OCTA-500 includes two subsets: OCTA_6M and OCTA_3M. | K45: https://ieee-dataport.org/open-access/octa-500 | N45: 350 | P45: NAS | Q45: NAS: OCTA-500 | R45: TRUE | S45: TRUE | U45: TRUE | W45: FALSE | X45: https://ieee-dataport.org/open-access/octa-500 | Y45: https://www.kaggle.com/datasets/xiefei/octa500 | Z45: https://github.com/nhjydywd/OCTA-FRNet/tree/main/dataset
A46: VinDr-RibCXR | B46: /mnt/data-nas/medical_datasets/VinDr-RibCXR | C46: Yes | D46: X-Ray | E46: Chest | F46: .png | I46: Segmentation | J46: Rib masks | K46: https://vindr.ai/ribcxr | L46: https://arxiv.org/abs/2107.01327 | N46: 196 | P46: NAS | Q46: NAS: VinDr-RibCXR | R46: TRUE | T46: TRUE | U46: TRUE | V46: TRUE | W46: FALSE | X46: https://vindr.ai/ribcxr
A47: BUS-B | B47: /mnt/data-nas/medical_datasets/BUID | C47: Yes | D47: US | E47: Breast | F47: .nrrd | H47: Multiple (mean 760x570) | I47: Lesion detection | J47: Segmentation mask for lesion | K47: https://helward.mmu.ac.uk/STAFF/M.Yap/dataset.php | L47: https://ieeexplore.ieee.org/document/8003418 | N47: 163 | R47: FALSE | T47: TRUE | U47: TRUE | V47: FALSE | W47: FALSE | X47: https://helward.mmu.ac.uk/STAFF/M.Yap/dataset.php
A48: Montgomery CXR | B48: /mnt/data-nas/medical_datasets/MontgomeryCXR | C48: Yes | D48: X-Ray | E48: Chest | F48: .png | H48: 4020 x 4892 pixels | I48: Segmentation | K48: https://github.com/openmedlab/Awesome-Medical-Dataset/blob/main/resources/MontgomeryCounty.md | N48: 138 | P48: NAS | Q48: NAS: MontgomeryCXR | R48: TRUE | S48: TRUE | X48: https://openi.nlm.nih.gov/faq#faq-tb-coll | Y48: https://www.kaggle.com/datasets/raddar/tuberculosis-chest-xrays-montgomery
A49: DIARETDB1 | B49: /mnt/data-nas/medical_datasets/DIARETDB1 | C49: Yes | D49: Ophthalmic | E49: Fundus | F49: .png | G49: HXWX3 | H49: 1500 x 1152 pixels | I49: Classification | J49: Diabetic or not. Eye boundaries | K49: https://www.kaggle.com/datasets/nguyenhung1903/diaretdb1-standard-diabetic-retinopathy-database | L49: https://www.kaggle.com/datasets/nguyenhung1903/diaretdb1-standard-diabetic-retinopathy-database | N49: 130 | P49: NAS | Q49: NAS: DIARETDB1 | R49: TRUE | S49: TRUE | W49: FALSE | X49: https://www.kaggle.com/datasets/nguyenhung1903/diaretdb1-standard-diabetic-retinopathy-database
A50: ARIA | B50: Not an image dataset - it is a codebase | C50: N/A | D50: Ophthalmic | E50: Fundus | F50: .m (check) | H50: 565x584 | I50: Segmentation | K50: https://petebankhead.github.io/ARIA/ | L50: https://journals.plos.org/plosone/article?id=10.1371/journal.pone.0032435 | M50: Method that uses the DRIVE dataset | N50: 120 | O50: .m | P50: NAS | Q50: NAS: ARIA | R50: TRUE | S50: TRUE | W50: FALSE | X50: https://sourceforge.net/projects/aria-vessels/
A51: DRIONS-DB | B51: /mnt/data-nas/medical_datasets/DRIONS-DB | C51: Yes | D51: Ophthalmic | E51: Fundus | F51: .jpg | G51: 400x600x3 | H51: 600 x 400 pixels | I51: Segmentation | J51: Two sets of ground-truth optic disc annotations are available. | K51: https://www.idiap.ch/software/bob/docs/bob/bob.db.drionsdb/master/index.html | N51: 110 | P51: NAS | Q51: NAS: DRIONS-DB | R51: TRUE | S51: TRUE | W51: FALSE | Y51: https://www.kaggle.com/datasets/lucascunhadecarvalho/drionsdb-cunha
A52: Drishti-GS1 | B52: /mnt/data-nas/medical_datasets/Drishti-GS1_files | C52: Yes | D52: Ophthalmic | E52: Fundus | F52: .png | G52: HXWX3,HXW | H52: 2896 x 1944 pixels | I52: Segmentation | J52: Eye boundaries | K52: https://cvit.iiit.ac.in/projects/mip/drishti-gs/mip-dataset2/Home.php | L52: http://www.researchgate.net/profile/Jayanthi_Sivaswamy2/publication/275964723_JSM_BIOMEDICAL_IMAGING_DATA_PAPERS_Keywords_BULLET_BULLET_BULLET_nerve_head_BULLET_BULLET_disk_A_Comprehensive_Retinal_Image_Dataset_for_the_Assessment_of_Glaucoma_from_the_Optic_Nerve_Head_Analysis/links/554c391d0cf29752ee7edb80.pdf | N52: 101 | P52: NAS | Q52: NAS: Drishti-GS1_files | R52: TRUE | S52: TRUE | T52: TRUE | U52: TRUE | W52: FALSE | X52: https://cvit.iiit.ac.in/projects/mip/drishti-gs/mip-dataset2/Home.php
A53: DCA1 | B53: /mnt/data-nas/medical_datasets/DCA1 | C53: Yes | D53: X-Ray | E53: Heart (coronary arteries) | F53: .pgm | H53: 300x300 gray-scale | I53: Segmentation | J53: Segmentation mask | K53: http://personal.cimat.mx:8181/~ivan.cruz/DB_Angiograms.html | L53: https://www.mdpi.com/2076-3417/9/24/5507 | N53: 100 | O53: .pgm | P53: NAS | Q53: NAS: DCA1 | R53: TRUE | S53: TRUE | W53: FALSE | X53: http://personal.cimat.mx:8181/~ivan.cruz/DB_Angiograms.html | Y53: https://www.kaggle.com/datasets/bard2024/database-x-ray-coronary-angiograms-dca1
A54: VICAVR | B54: /mnt/data-nas/medical_datasets/VICAVR | C54: Yes | D54: Ophthalmic | E54: Fundus | F54: .png | H54: 768 × 576 pixels | I54: Segmentation | J54: The database includes the caliber of the vessels measured at different radii from the optic disc as well as the vessel type (artery/vein) labelled by three experts. | K54: https://pmc.ncbi.nlm.nih.gov/articles/PMC6841783/ | N54: 58 | P54: NAS | Q54: NAS: VICAVR | R54: TRUE | S54: TRUE | U54: TRUE | X54: http://www.varpa.es/research/ophtalmology.html#vicavr
A55: ORVS | B55: N/A | C55: N/A | D55: Ophthalmic | E55: Fundus | F55: .jpeg | H55: 1444 x 1444 pixels | I55: Segmentation | J55: Vessel masks | K55: https://github.com/openmedlab/Awesome-Medical-Dataset/blob/main/resources/ORVS.md | N55: 42 | R55: unavailable
A56: HRF | B56: /mnt/data-nas/medical_datasets/HRF | C56: Yes | D56: Ophthalmic | E56: Fundus | F56: .tif | G56: 2336x3504 | H56: 3504x2336 | I56: Segmentation | J56: Field of view mask (valid area), vessel and optic disk segmentation goldstandard, pairs of the same eye | K56: https://www5.cs.fau.de/research/data/fundus-images/ | N56: 30 | P56: NAS | Q56: NAS: HRF | R56: TRUE | S56: TRUE | W56: FALSE | X56: https://www5.cs.fau.de/research/data/fundus-images/
A57: ROSE-1 | B57: /mnt/data-nas/medical_datasets/ROSE/ROSE-1 | C57: Yes | D57: Ophthalmic | E57: Fundus | F57: .png .tif | H57: 304 x 304 pixels | I57: Segmentation | J57: Retinal OCT-Angiography Vessel Segmentation Dataset (ROSE) is now open source. It includes two subsets: ROSE-1 and ROSE-2. | K57: https://imed.nimte.ac.cn/dataofrose.html | N57: 30 | P57: NAS | Q57: NAS: ROSE | R57: TRUE | S57: TRUE | U57: TRUE | X57: https://zenodo.org/records/12775880
A58: IOSTAR | B58: N/A | C58: N/A | D58: Ophthalmic | E58: Fundus | F58: .png | H58: 1024 x 1024 pixels | I58: Segmentation | J58: Vessel masks | K58: https://www.retinacheck.org/download-iostar-retinal-vessel-segmentation-dataset | L58: https://ieeexplore.ieee.org/document/7530915 | N58: 25 | R58: unavailable
A59: CHASE_DB1 | B59: /mnt/data-nas/medical_datasets/CHASE_DB1 | C59: Yes | D59: Ophthalmic | E59: Fundus | F59: .jpg | G59: 960x999x3 | H59: 879-926 x 798-922 | I59: Segmentation | J59: Two vessel segmentation mask (two human observers), naming according to L/R eye | K59: https://datasetninja.com/chase-db1 | L59: https://ieeexplore.ieee.org/document/6224174 | N59: 20 | P59: NAS | Q59: NAS: CHASE_DB1 | R59: TRUE | S59: TRUE | W59: FALSE | X59: https://datasetninja.com/chase-db1
A60: DR-HAGIS | B60: N/A | C60: N/A | D60: Ophthalmic | E60: Fundus | F60: .png | H60: 4752x3168 pixels, 3456x2304 pixels, 3126x2136 pixels, 2896x1944 pixels, 2816x1880 pixels | I60: Segmentation | J60: This database therefore consists of 39 high-resolution images divided into four comorbidity subgroups (AMD, DR, glaucoma, and hypertension) | K60: https://pubmed.ncbi.nlm.nih.gov/28217714/ | N60: 20 | R60: unavailable
A61: DRIVE | B61: /mnt/data-nas/medical_datasets/DRIVE | C61: Yes | D61: Ophthalmic | E61: Fundus | F61: .gif, .tif | H61: 768 x 584 pixels | I61: Segmentation | J61: Vessel masks | K61: https://drive.grand-challenge.org | N61: 20 | P61: NAS | Q61: NAS: DRIVE | R61: TRUE | S61: TRUE | W61: FALSE | X61: https://drive.grand-challenge.org
A62: LES-AV | B62: /mnt/data-nas/medical_datasets/LES-AV | C62: Yes | D62: Ophthalmic | E62: Fundus | F62: .png, .gif | H62: 1444x1620,1958x2196 | J62: Vessel segmentation mask, artery/vein labels | K62: https://figshare.com/articles/dataset/LES-AV_dataset/11857698?file=21732282 | L62: https://arxiv.org/abs/1805.10273 | N62: 20 | P62: NAS | Q62: NAS: LES-AV | R62: TRUE | S62: TRUE | W62: FALSE | X62: https://figshare.com/articles/dataset/LES-AV_dataset/11857698?file=21732282
A65: Downloaded | N65: =SUMIF(R2:R62, "TRUE", N2:N62) -> 14758547 | R65: =COUNTIF(R2:R62, "TRUE") -> 54
A66: Pending | N66: =SUMIF(V2:V62, "FALSE", N2:N62) -> 5335249 | R66: =COUNTIF(V2:V62, "FALSE") -> 5
A67: Unavailable | N67: =SUMIF(R2:R62, "unavailable", N2:N62) -> 87 | R67: =COUNTIF(R2:R62, "unavailable") -> 3
A68: Remaining | N68: =N69 - SUM(N65:N67) -> 1378822 | R68: =R69 - SUM(R65:R67) -> -1
A69: Total | D69: CT, MRI, PET, X-Ray, Ultrasound, Endoscopy, Microscopy, Ophthalmic, Dermoscopy | N69: =SUM(N2:N62) -> 21472705 | R69: =COUNTA(R2:R62)+COUNTBLANK(R2:R62) -> 61
A73: Approval Pending | D73: Agreement not done | H73: Other fornats | I73: Location
D74: HCP | H74: Echonet Dynamic (Video - 25608) | I74: NAS (42 datasets - 3.8M)
A75: RP3D-DiagDS | H75: TDSC-ABUS (.nrrd - 34210) | I75: Faster (9 datasets - 4.57M)
H76: ARIA (.m - 120) | I76: ACES (2 datasets - 3.9M)
H77: DCA1 (.pgm - 100) | I77: Stampede (1 dataset - 2.4M)
I79: 14.57M (Downloaded) | J79: 54
I80: 5.28M (Approval) | J80: 3
I81: 1.4M (Agreement) | J81: 1
I82: 3 (Unavailable) | J82: 3
E83: nih-chest-xrays.zip | F83: X-ray, 120,000 | J83: 61
E84: Mini-DDSM.zip | F84: Mammography, 10k
E85: UPENN-GBM | F85: MRI, 828,234 | I85: 14 Datasets - Preprocessed
E86: CMB-CRC | F86: CT,NM,US, 250,000
E87: PROSTATEx | F87: MRI, 315,000
E88: LDCT-and-Projection-data | F88: CT, 8M (take 3.5M)

Sheet New Datasets
A1: FileName | B1: Name | E1: Modality | H1: Link
A2: OpticNerveSeg_Public_Dataset_for_Cranial_Nerve_II_Segmentation_from_Multimodal_M_21457212 | B2: OpticNerveSeg: Public Dataset for Cranial Nerve II Segmentation from Multimodal MRI | E2: MRI | H2: https://zenodo.org/records/21457212
A3: Anonymised_Pelvic_MRI_Dataset_for_Endometriosis_Research_A_Nigerian_Pilot_Collec_21445496 | B3: Anonymised Pelvic MRI Dataset for Endometriosis Research: A Nigerian Pilot Collection | E3: MRI | H3: https://zenodo.org/records/21445496
A4: CBCT-IQ_A_Publicly_Available_Annotated_Cone-Beam_CT_Dataset_for_Image_Quality_As_20124496 | B4: CBCT-IQ: A Publicly Available Annotated Cone-Beam CT Dataset for Image Quality Assessment and Benchmarking | E4: CBCT | H4: https://zenodo.org/records/20124496
A5: Naija-CXR_dataset-JPG-A_Nigerian_Chest_X-ray_Dataset_for_Equitable_AI_and_Vision_21781842 | B5: Naija-CXR dataset-JPG-A Nigerian Chest X-ray Dataset for Equitable AI and Vision-Language Research | E5: X-ray | H5: https://zenodo.org/records/21781842
A6: Primary_Breast_Burkitt_Lymphoma_Multimodal_Imaging_Dataset_Immunohistochemistry__21470632 | B6: Primary Breast Burkitt Lymphoma Multimodal Imaging Dataset: Immunohistochemistry, Cytology, and Ultrasound Images from Uganda (Version 1.2) | E6: Ultrasound | H6: https://zenodo.org/records/21470632
A7: ToxoPath-1_A_Multimodal_Pathology_Dataset_of_Concurrent_Cerebral_and_Cardiac_Tox_21497156 | B7: ToxoPath-1: A Multimodal Pathology Dataset of Concurrent Cerebral and Cardiac Toxoplasmosis in an HIV-Positive Patient | E7: Pathology | H7: https://zenodo.org/records/21497156
A8: Histology_Tissue_Fold_Dataset_with_Pixel-Level_Annotations_for_Artificial_Intell_21493260 | B8: Histology Tissue Fold Dataset with Pixel-Level Annotations for Artificial Intelligence-Based Detection and Segmentation of Tissue Fold Artifacts in H&E-Stained Teaching Slides | E8: H&E | H8: https://zenodo.org/records/21493260
A9: Skin_Lesions_Dataset_for_2-Class_Object_Segmentation_(YOLO_annotation)_21416759 | B9: Skin Lesions Dataset for 2-Class Object Segmentation (YOLO annotation) | E9: Dermoscopy | H9: https://zenodo.org/records/21416759
A10: GIM-ENDO | B10: GIM-ENDO | E10: Endoscopy | H10: https://zenodo.org/records/20707267
A11: MSila | B11: M'Sila retinal fundus dataset | E11: Fundus | H11: https://zenodo.org/records/19169587
A12: FLUID | B12: FLUID | E12: Fundus | H12: https://zenodo.org/records/19241555
... A14: PTIC | B14: PathoTiroid Dataset Indonesian Collection (PTIC) | E14: Histopathology | H14: https://zenodo.org/records/18827019

Sheet Potential Evaluation Datasets
A1: LC25000 | C1: https://www.kaggle.com/datasets/javaidahmadwani/lc25000
A2: RSNA pneumonia dataset | C2: https://www.kaggle.com/competitions/rsna-pneumonia-detection-challenge
A3: ODIR-5k | C3: https://www.kaggle.com/datasets/tanjemahamed/odir5k-classification
A4: Retinal OCT Image Classification - C8 | C4: https://www.kaggle.com/datasets/obulisainaren/retinal-oct-c8

Sheet Sheet7
A1: Name | B1: Path | C1: Modality | D1: Count | E1: Moved | F1: Moved Location
A2: ULS23 | B2: /mnt/data-nas/medical_datasets/ULS23 | C2: CT | D2: 480056
A3: HCP | B3: /mnt/data-nas/medical_datasets/HCP | C3: MRI | D3: 39191 | E3: TRUE | F3: Delta
A4: RadImageNet | B4: /mnt/data-nas/medical_datasets/radiology_ai/CT/dontmove | C4: CT | D4: 292353
A5: RadImageNet | B5: /mnt/data-nas/medical_datasets/radiology_ai/MR/dontmove | C5: MRI | D5: 672675
A6: RadImageNet | B6: /mnt/data-nas/medical_datasets/radiology_ai/US/dontmove | C6: Ultrasound | D6: 389885
A7: Quilt-1M | B7: /mnt/data-nas/medical_datasets/Quilt-1M | C7: Microscopy | D7: 653136
A8: ISIC-2024 | B8: /mnt/data-nas/medical_datasets/ISIC_2024_Training_Input | C8: Dermoscopy | D8: 401059
A9: VinDr-Multiphase | B9: /mnt/data-nas/medical_datasets/VinDr-Multiphase | C9: CT | D9: 392560 | E9: FALSE | F9: Delta
A10: MIMIC-CXR | B10: /mnt/data-nas/biovfm/mimic-cxr-jpg-2.1.0 | C10: X-Ray | D10: 377110
A11: PatchCamelyon | B11: /mnt/data-nas/medical_datasets/PatchCamelyon | C11: Microscopy | D11: 327680
A12: CheXpert | B12: /mnt/data-nas/medical_datasets/chexpert | C12: X-Ray | D12: 223414
A13: PadChest | B13: /mnt/data-nas/medical_datasets/PadChest | C13: X-Ray | D13: 156525 | E13: FALSE | F13: Delta
A14: EyePACS | B14: /mnt/data-nas/medical_datasets/EyePACS | C14: Fundus | D14: 88712
A15: NCT-CRC-HE-100K | B15: /mnt/data-nas/medical_datasets/NCT-CRC-HE-100K | C15: Microscopy | D15: 100000
A16: Endo-FM | B16: /mnt/data-nas/medical_datasets/Endo-FM | C16: Endoscopy | D16: 1831457
A17: ChestXray-14 | B17: /mnt/data-nas/medical_datasets/ChestXray-14 | C17: X-Ray | D17: 112120
A18: Kvasir-Capsule | B18: /mnt/data-nas/medical_datasets/Kvasir-Capsule | C18: Endoscopy | D18: 47238
A19: ISIC-Archive | B19: /mnt/data-nas/medical_datasets/ISIC-Archive | C19: Dermoscopy | D19: 537969
A20: TDSC-ABUS | B20: /mnt/data-nas/medical_datasets/TDSC-ABUS | C20: Ultrasound | D20: 184741
A21: EchoNet-Dynamic | B21: /mnt/data-nas/medical_datasets/EchoNet-Dynamic | C21: Ultrasound | D21: 882309
A22: LC25000 | B22: /mnt/data-nas/medical_datasets/lung_colon_image_set | C22: Microscopy | D22: 25000
A23: fitzpatrick17k | B23: /mnt/data-nas/biovfm/data/finalfitz17k | C23: Dermoscopy | D23: 16577
A24: VinDr-CXR | B24: /mnt/data-nas/medical_datasets/VinDr-CXR | C24: X-Ray | D24: 18000
A25: AOD | B25: /mnt/data-nas/medical_datasets/AOD | C25: Fundus | D25: 14813
... A57: Covid-Xray | B57: /mnt/data-nas/medical_datasets/covid-chestxray-dataset/dontmove | C57: X-Ray | D57: 821
A58: Lung-PET | B58: /mnt/data-nas/medical_datasets/TCIA-DICOM/Lung-PET-CT-Dx | C58: CT | D58: 251135 | E58: TRUE | F58: Delta
A59: Radiomics | B59: /mnt/data-nas/medical_datasets/TCIA-DICOM/NSCLC-Radiomics | C59: CT | D59: 51230 | E59: TRUE | F59: Delta
A60: Yale | B60: /mnt/data-nas/medical_datasets/Yale | C60: MRI | D60: 335822
A61: ISPY1 | B61: /mnt/data-nas/vibalcam/datasets/ispy1 | C61: MRI | D61: 281937
A62: CSEC | B62: /mnt/data-nas/medical_datasets/TCGA-CESC | C62: MRI | D62: 18985
A63: VSSEG | B63: /mnt/data-nas/medical_datasets/VSSEG | C63: MRI | D63: 47130
A64: ISPY1Trial | B64: /mnt/data-nas/vibalcam/datasets/ispy1_trial | C64: MRI | D64: 385093
A65: DFCI | B65: /mnt/data-nas/medical_datasets/DFCI | C65: MRI | D65: 93892
A66: RSNA_BrainTumorRC | B66: /mnt/data-nas/medical_datasets/RSNA_BrainTumorRC | C66: MRI | D66: 290923
A67: HVSPCD | B67: /mnt/data-nas/medical_datasets/HVSPCD | C67: MRI | D67: 476353
A68: CSMLP | B68: /mnt/data-nas/medical_datasets/CSMLP | C68: MRI | D68: 90175
A69: COVID-CT-MD | B69: /mnt/data-nas/medical_datasets/COVID-CT-MD | C69: CT | D69: 902
A70: LIDC-IDRI | B70: /mnt/data-nas/vibalcam/datasets/LIDC-IDRI | C70: CT | D70: 244527
A71: QIN-LungCT-Seg | B71: /mnt/data-nas/vibalcam/datasets/QIN-LungCT-Seg | C71: CT | D71: 6814
... A82: covid19_ultrasound | B82: /mnt/data-nas/medical_datasets/covid19_ultrasound | C82: Ultrasound | D82: 536
A83: LCTSC | B83: /mnt/data-nas/medical_datasets/TCIA-DICOM/LCTSC | C83: CT | D83: 9534 | E83: TRUE | F83: Delta
A84: MIDRC-RICORD-1B | B84: /mnt/data-nas/medical_datasets/TCIA-DICOM/MIDRC-RICORD-1B | C84: CT | D84: 21220 | E84: TRUE | F84: Delta
A85: MIDRC-RICORD-1A | B85: /mnt/data-nas/medical_datasets/TCIA-DICOM/MIDRC-RICORD-1A | C85: CT | D85: 31856 | E85: TRUE | F85: Delta
A86: MIDRC-RICORD-1C | B86: /mnt/data-nas/medical_datasets/TCIA-DICOM/MIDRC-RICORD-1C | C86: X-Ray | D86: 1257 | E86: TRUE | F86: Delta
A87: NSCLC-Radiomics-Interobserver1 | B87: /mnt/data-nas/medical_datasets/TCIA-DICOM/NSCLC-Radiomics-Interobserver1 | C87: CT | D87: 3844
A88: SPIE-AAPM | B88: /mnt/data-nas/medical_datasets/TCIA-DICOM/SPIE-AAPM | C88: CT | D88: 22489
A89: RIDER_LUNG_CT | B89: /mnt/data-nas/medical_datasets/TCIA-DICOM/RIDER_LUNG_CT | C89: CT | D89: 81186
A90: 4D-Lung | B90: /mnt/data-nas/medical_datasets/TCIA-DICOM/4D-Lung | C90: CT | D90: 346530 | E90: TRUE | F90: Delta
A91: TCGA-LUAD | B91: /mnt/data-nas/medical_datasets/TCIA-DICOM/TCGA-LUAD | C91: CT | D91: 48931
A92: Br35H | B92: /mnt/data-nas/medical_datasets/Br35H | C92: MRI | D92: 3861
A93: DeepDRiD | B93: /mnt/data-nas/medical_datasets/DeepDRiD | C93: Fundus | D93: 2256
A94: Prenatal_brain | B94: /mnt/data-nas/medical_datasets/Prenatal_brain | C94: MRI | D94: 278
A95: SinoCT | B95: /mnt/data-nas/medical_datasets/SinoCT | C95: CT | D95: 347204
A96: Panoramic_Dental_X_rays | B96: /mnt/data-nas/medical_datasets/Panoramic_Dental_X_rays | C96: X-Ray | D96: 348
A97: TCGA-THCA | B97: /mnt/data-nas/medical_datasets/TCGA-THCA | C97: CT | D97: 2780
A98: Pancreas-CT | B98: /mnt/data-nas/medical_datasets/Pancreas-CT | C98: CT | D98: 18942
A99: QIN-PROSTATE-Repeatability | B99: /mnt/data-nas/medical_datasets/QIN-PROSTATE-Repeatability | C99: MRI | D99: 38320
A100: Adrenal-ACC-Ki67-Seg_v1 | B100: /mnt/data-nas/medical_datasets/Adrenal-ACC-Ki67-Seg_v1 | C100: CT | D100: 18202
A101: SSS | B101: /mnt/data-nas/medical_datasets/SSS | C101: Endoscopy | D101: 18218
A102: polypgen | B102: /mnt/data-nas/medical_datasets/polypgen | C102: Endoscopy | D102: 8037
... A110: wound-segmentation | B110: /mnt/data-nas/medical_datasets/wound-segmentation | C110: Dermoscopy | D110: 1211
A111: LDCT-and-Projection-data | B111: /mnt/data-nas/medical_datasets/LDCT-and-Projection-data | C111: CT | D111: 8044937 | E111: TRUE | F111: Faster
A112: Mouse-Astrocytoma | B112: /mnt/data-nas/medical_datasets/Mouse-Astrocytoma | C112: MRI | D112: 37110
A113: Mouse-Mammary | B113: /mnt/data-nas/medical_datasets/Mouse-Mammary | C113: MRI | D113: 23487
A114: COCA | B114: /mnt/data-nas/medical_datasets/COCA | C114: CT | D114: 54527
A115: Cervix93 | B115: /mnt/data-nas/medical_datasets/Cervix93 | C115: Microscopy | D115: 1695
A116: CompleteBloodCount | B116: /mnt/data-nas/medical_datasets/CompleteBloodCount | C116: Microscopy | D116: 420
A117: NeurIPS22-CellSeg | B117: /mnt/data-nas/medical_datasets/NeurIPS22-CellSeg | C117: Microscopy | D117: 2770
A118: OTA | B118: /mnt/data-nas/medical_datasets/OTA | C118: Microscopy | D118: 1144
A119: CTLymph | B119: /mnt/data-nas/medical_datasets/CTLymph | C119: CT | D119: 110003
A120: BUID | B120: /mnt/data-nas/medical_datasets/BUID | C120: Ultrasound | D120: 780
A121: COVID-BLUES | B121: /mnt/data-nas/medical_datasets/COVID-BLUES | C121: Ultrasound | D121: 15942
A122: RHUH-GBM | B122: /mnt/data-nas/medical_datasets/TCIA/RHUH-GBM | C122: MRI | D122: 138693
A123: UCSF-PDGM | B123: /mnt/data-nas/medical_datasets/TCIA/UCSF-PDGM | C123: MRI | D123: 2323927
... A134: SCA2 | B134: /mnt/data-nas/medical_datasets/SCA2 | C134: MRI | D134: 20282

Sheet Stats (Modality)
A1: Modality | B1: # Datasets | C1: # Images
A2: CT | B2: 5 | C2: =int(Sheet1!N2/4+Sheet1!N3+Sheet1!N4/8+Sheet1!N7/3+Sheet1!N10) -> 6782500
A3: MRI | B3: 6 | C3: =int(Sheet1!N2/4+Sheet1!N4/8+Sheet1!N5+Sheet1!N6+Sheet1!N7/3+Sheet1!N21) -> 6066027
A4: X-Ray | B4: 19 | C4: =int(Sheet1!N2/4+Sheet1!N4/8+Sheet1!N11+SUM(Sheet1!N13:N14)+Sheet1!N18+SUM(Sheet1!N26:N27)+SUM(Sheet1!N30:N34)+Sheet1!N36+Sheet1!N39+Sheet1!N42+Sheet1!N46+Sheet1!N48+Sheet1!N53) -> 2714752
A5: US | B5: 5 | C5: =int(Sheet1!N2/4+Sheet1!N7/3+Sheet1!N22+Sheet1!N23+Sheet1!N47) -> 1738127
A6: Microscopy | B6: 5 | C6: =int(Sheet1!N4/8+Sheet1!N8+Sheet1!N12+Sheet1!N16+Sheet1!N24) -> 1501855
A7: Endoscopy | B7: 4 | C7: =int(Sheet1!N4/8+Sheet1!N17+Sheet1!N19+Sheet1!N38) -> 644343
A8: Ophthalmic | B8: 24 | C8: =int(SUM(Sheet1!N4/8,Sheet1!N15,Sheet1!N28:N29,Sheet1!N35,Sheet1!N37,Sheet1!N40:N41,Sheet1!N43:N45,Sheet1!N49:N52,Sheet1!N54:N62)) -> 606538
A9: Dermoscopy | B9: 3 | C9: =int(Sheet1!N9+Sheet1!N20+Sheet1!N25) -> 476187
A10: PET | B10: 1 | C10: =int(Sheet1!N4/8) -> 471185

Sheet OmniMed-30M
A1: Name | B1: Path | C1: Modality | D1: Count | E1: is_3D | F1: What_if_count
A2: LDCT-and-Projection-data | B2: /mnt/data-nas/medical_datasets/LDCT-and-Projection-data | C2: CT | D2: 8044937 | E2: =IF(COUNTIF(Sheet14!A:A, A2)>0, 1, 0) -> 0 | F2: =if(E2=1,D2*2,D2) -> 8044937
A3: UCSF-PDGM | B3: /mnt/data-nas/medical_datasets/TCIA/UCSF-PDGM | C3: MRI | D3: 2323927 | E3: =IF(COUNTIF(Sheet14!A:A, A3)>0, 1, 0) -> 1 | F3: =if(E3=1,D3*2,D3) -> 4647854
A4: Endo-FM | B4: /mnt/data-nas/medical_datasets/Endo-FM | C4: Endoscopy | D4: 1831457 | E4: =IF(COUNTIF(Sheet14!A:A, A4)>0, 1, 0) -> 0 | F4: =if(E4=1,D4*2,D4) -> 1831457
A5: Phantom | B5: /mnt/data-nas/medical_datasets/TCIA/Phantom_FDA/dontmove | C5: CT | D5: 1468751 | E5: =IF(COUNTIF(Sheet14!A:A, A5)>0, 1, 0) -> 0 | F5: =if(E5=1,D5*2,D5) -> 1468751
A6: MPILMBB | B6: /mnt/data-nas/medical_datasets/MPILMBB | C6: MRI | D6: 1391255 | E6: =IF(COUNTIF(Sheet14!A:A, A6)>0, 1, 0) -> 1 | F6: =if(E6=1,D6*2,D6) -> 2782510
A7: Advanced-MRI-Breast-Lesions | B7: /mnt/data-nas/vibalcam/datasets/Advanced-MRI-Breast-Lesions | C7: MRI | D7: 1259589 | E7: =IF(COUNTIF(Sheet14!A:A, A7)>0, 1, 0) -> 0 | F7: =if(E7=1,D7*2,D7) -> 1259589
A8: CT-COLONOGRAPHY | B8: /mnt/data-nas/medical_datasets/CT-COLONOGRAPHY | C8: CT | D8: 939871 | E8: =IF(COUNTIF(Sheet14!A:A, A8)>0, 1, 0) -> 0 | F8: =if(E8=1,D8*2,D8) -> 939871
A9: EchoNet-Dynamic | B9: /mnt/data-nas/medical_datasets/EchoNet-Dynamic | C9: Ultrasound | D9: 882309 | E9: =IF(COUNTIF(Sheet14!A:A, A9)>0, 1, 0) -> 0 | F9: =if(E9=1,D9*2,D9) -> 882309
A10: RadImageNet | B10: /mnt/data-nas/medical_datasets/radiology_ai/MR/dontmove | C10: MRI | D10: 672675 | E10: =IF(COUNTIF(Sheet14!A:A, A10)>0, 1, 0) -> 0 | F10: =if(E10=1,D10*2,D10) -> 672675
A11: Quilt-1M | B11: /mnt/data-nas/medical_datasets/Quilt-1M | C11: Microscopy | D11: 653136 | E11: =IF(COUNTIF(Sheet14!A:A, A11)>0, 1, 0) -> 0 | F11: =if(E11=1,D11*2,D11) -> 653136
A12: ISIC-Archive | B12: /mnt/data-nas/medical_datasets/ISIC-Archive | C12: Dermoscopy | D12: 537969 | E12: =IF(COUNTIF(Sheet14!A:A, A12)>0, 1, 0) -> 0 | F12: =if(E12=1,D12*2,D12) -> 537969
A13: ULS23 | B13: /mnt/data-nas/medical_datasets/ULS23 | C13: CT | D13: 480056 | E13: =IF(COUNTIF(Sheet14!A:A, A13)>0, 1, 0) -> 1 | F13: =if(E13=1,D13*2,D13) -> 960112
... A134: LES-AV | B134: /mnt/data-nas/medical_datasets/LES-AV | C134: Fundus | D134: 22 | E134: =IF(COUNTIF(Sheet14!A:A, A134)>0, 1, 0) -> 0 | F134: =if(E134=1,D134*2,D134) -> 22

Sheet Ajay_Processed
A1: File (Server name: File name) | B1: Name | C1: Body Part | D1: Anatomical Area | E1: Modality | F1: Broad Modality | G1: Processed Images | H1: reason | I1: reason | J1: reason | K1: has_data | L1: is_3D | M1: What_if_count
A2: nih-chest-xrays | B2: NIH Chest X-rays | C2: Chest | D2: Chest | E2: X-ray | F2: X-Ray | G2: 356647 | K2: =IF(G2>0,1,0) -> 1 | L2: =IF(COUNTIF(Sheet14!A:A, A2)>0, 1, 0) -> 0 | M2: =if(L2=1,G2*2,G2) -> 356647
A3: LIDC-IDRI | B3: LIDC-IDRI | C3: Chest | D3: Lung | E3: CT | F3: CT | G3: 244527 | K3: =IF(G3>0,1,0) -> 1 | L3: =IF(COUNTIF(Sheet14!A:A, A3)>0, 1, 0) -> 0 | M3: =if(L3=1,G3*2,G3) -> 244527
A4: luna16 | B4: LUNA16 | C4: Chest | D4: Lung | E4: CT | F4: CT | G4: 548 | K4: =IF(G4>0,1,0) -> 1
A5: jsrt | B5: miniJSRT | C5: Chest | D5: Chest | E5: X-ray | F5: X-Ray | G5: 0 | I5: black images | K5: =IF(G5>0,1,0) -> 0
A6: crass12 | B6: CRASS12 | C6: Chest | D6: Clavicle | E6: X-ray | F6: X-Ray | G6: 0 | I6: .mhd | J6: all failed | K6: =IF(G6>0,1,0) -> 0
A7: tuberculosis-chest-xrays-shenzhen | B7: SZ-CXR | C7: Chest | D7: Lung | E7: X-ray | F7: X-Ray | G7: 662 | K7: =IF(G7>0,1,0) -> 1 | L7: =IF(COUNTIF(Sheet14!A:A, A7)>0, 1, 0) -> 0 | M7: =if(L7=1,G7*2,G7) -> 662
A8: fumpe | B8: FUMPE | C8: Chest | D8: Lung | E8: CT | F8: CT | G8: 8792 | K8: =IF(G8>0,1,0) -> 1 | L8: =IF(COUNTIF(Sheet14!A:A, A8)>0, 1, 0) -> 0 | M8: =if(L8=1,G8*2,G8) -> 8792
A9: Pneumothorax_Masks | B9: Pneumothorax Masks X-Ray | C9: Chest | D9: Lung | E9: X-ray | F9: X-Ray | G9: 12047 | K9: =IF(G9>0,1,0) -> 1 | L9: =IF(COUNTIF(Sheet14!A:A, A9)>0, 1, 0) -> 0 | M9: =if(L9=1,G9*2,G9) -> 12047
A10: LNDb | B10: LNDb | C10: Chest | D10: Chest | E10: CT | F10: CT | G10: 0 | I10: .raw | K10: =IF(G10>0,1,0) -> 0
A11: Dataset_BUSI | B11: BUSI | C11: Chest | D11: Chest | E11: Ultrasound | F11: Ultrasound | G11: 1578 | K11: =IF(G11>0,1,0) -> 1 | L11: =IF(COUNTIF(Sheet14!A:A, A11)>0, 1, 0) -> 0 | M11: =if(L11=1,G11*2,G11) -> 1578
A12: PleThora | B12: PleThora | C12: Chest | D12: Chest cavity | E12: CT | F12: CT | G12: 67862 | K12: =IF(G12>0,1,0) -> 1 | L12: =IF(COUNTIF(Sheet14!A:A, A12)>0, 1, 0) -> 1 | M12: =if(L12=1,G12*2,G12) -> 135724
A13: sars_covid_2_ct | B13: SARS-COV-2 Ct-Scan | C13: Chest | D13: Chest | E13: CT | F13: CT | G13: 2481 | K13: =IF(G13>0,1,0) -> 1 | L13: =IF(COUNTIF(Sheet14!A:A, A13)>0, 1, 0) -> 0 | M13: =if(L13=1,G13*2,G13) -> 2481
A14: COVID_CT_COVID-CT | B14: COVID_CT_COVID-CT | C14: Chest | D14: Chest | E14: CT | F14: CT | G14: 1001 | K14: =IF(G14>0,1,0) -> 1 | L14: =IF(COUNTIF(Sheet14!A:A, A14)>0, 1, 0) -> 0 | M14: =if(L14=1,G14*2,G14) -> 1001
A15: coronahack | B15: CoronaHack | C15: Chest | D15: Chest | E15: Cxr | F15: X-Ray | G15: 5933 | K15: =IF(G15>0,1,0) -> 1 | L15: =IF(COUNTIF(Sheet14!A:A, A15)>0, 1, 0) -> 0 | M15: =if(L15=1,G15*2,G15) -> 5933
A16: COVIDGR_1.0/COVIDGR_1.0 | B16: COVIDGR | C16: Chest | D16: Chest | E16: X-ray | F16: X-Ray | G16: 852 | K16: =IF(G16>0,1,0) -> 1 | L16: =IF(COUNTIF(Sheet14!A:A, A16)>0, 1, 0) -> 0 | M16: =if(L16=1,G16*2,G16) -> 852
A17: siim-covid19-detection | B17: SIIM-FISABIO-RSNA COVID-19 | C17: Chest | D17: Chest | E17: X-ray | F17: X-Ray | G17: 7047 | K17: =IF(G17>0,1,0) -> 1 | L17: =IF(COUNTIF(Sheet14!A:A, A17)>0, 1, 0) -> 0 | M17: =if(L17=1,G17*2,G17) -> 7047
A18: WSSS4LUAD | B18: WSSS4LUAD | C18: Chest | D18: Lung | E18: Pathology | F18: Microscopy | G18: 10211 | K18: =IF(G18>0,1,0) -> 1 | L18: =IF(COUNTIF(Sheet14!A:A, A18)>0, 1, 0) -> 0 | M18: =if(L18=1,G18*2,G18) -> 10211
A19: COVID-19_Radiography_Database | B19: COVID-19 CHEST X-RAY DATABASE | C19: Chest | D19: Chest | E19: X-ray | F19: X-Ray | G19: 3886 | K19: =IF(G19>0,1,0) -> 1 | L19: =IF(COUNTIF(Sheet14!A:A, A19)>0, 1, 0) -> 0 | M19: =if(L19=1,G19*2,G19) -> 3886
A20: chest-ctscan/chest-ctscan-images_datasets | B20: Chest CT-Scan images | C20: Chest | D20: Chest | E20: CT | F20: CT | G20: 1000 | K20: =IF(G20>0,1,0) -> 1 | L20: =IF(COUNTIF(Sheet14!A:A, A20)>0, 1, 0) -> 0 | M20: =if(L20=1,G20*2,G20) -> 1000
A21: COVID-19-CT/COVID-19-CT_SCAN_IMAGES_datasets | B21: COVID-19-CT SCAN IMAGES | C21: Chest | D21: Chest | E21: CT | F21: CT | G21: 1404 | K21: =IF(G21>0,1,0) -> 1 | L21: =IF(COUNTIF(Sheet14!A:A, A21)>0, 1, 0) -> 0 | M21: =if(L21=1,G21*2,G21) -> 1404
A22: xray-pd | B22: Chest X-ray PD Dataset | C22: Chest | D22: Chest | E22: X-ray | F22: X-Ray | G22: 4575 | K22: =IF(G22>0,1,0) -> 1 | L22: =IF(COUNTIF(Sheet14!A:A, A22)>0, 1, 0) -> 0 | M22: =if(L22=1,G22*2,G22) -> 4575
A23: ChinaSet_AllFIles | B23: Shenzhen chest X-ray set | C23: Chest | F23: X-Ray | G23: 662 | K23: =IF(G23>0,1,0) -> 1 | L23: =IF(COUNTIF(Sheet14!A:A, A23)>0, 1, 0) -> 0 | M23: =if(L23=1,G23*2,G23) -> 662
A24: mvseg2023 | B24: MVSeg-3DTEE 2023 | C24: Chest | D24: Chest | E24: Us | F24: Ultrasound | G24: 77746 | K24: =IF(G24>0,1,0) -> 1 | L24: =IF(COUNTIF(Sheet14!A:A, A24)>0, 1, 0) -> 1 | M24: =if(L24=1,G24*2,G24) -> 155492
A25: AIIB23 | B25: AIIB23 | C25: Chest | D25: Chest | E25: CT | F25: CT | G25: 138093 | K25: =IF(G25>0,1,0) -> 1 | L25: =IF(COUNTIF(Sheet14!A:A, A25)>0, 1, 0) -> 1 | M25: =if(L25=1,G25*2,G25) -> 276186
A26: LNQ_2023 | B26: LNQ 2023 | C26: Chest | D26: Chest | E26: CT | F26: CT | G26: 242202 | K26: =IF(G26>0,1,0) -> 1 | L26: =IF(COUNTIF(Sheet14!A:A, A26)>0, 1, 0) -> 1 | M26: =if(L26=1,G26*2,G26) -> 484404
A27: LungHist700 | B27: LungHist700 | C27: Chest | D27: Lung | E27: Pathological images | F27: Microscopy | G27: 691 | K27: =IF(G27>0,1,0) -> 1 | L27: =IF(COUNTIF(Sheet14!A:A, A27)>0, 1, 0) -> 0 | M27: =if(L27=1,G27*2,G27) -> 691
A28: VESSEL12 | B28: VESSEL12 | C28: Chest | D28: Lung | E28: CT | F28: CT | G28: 16737 | K28: =IF(G28>0,1,0) -> 1 | L28: =IF(COUNTIF(Sheet14!A:A, A28)>0, 1, 0) -> 1 | M28: =if(L28=1,G28*2,G28) -> 33474
A29: mias-mammography | B29: MIAS | C29: Chest | D29: Breast | E29: X-ray | F29: X-Ray | G29: 322 | K29: =IF(G29>0,1,0) -> 1 | L29: =IF(COUNTIF(Sheet14!A:A, A29)>0, 1, 0) -> 0 | M29: =if(L29=1,G29*2,G29) -> 322
A30: DeepLesion | B30: DeepLesion | C30: Chest | E30: CT | F30: CT | G30: 960240 | K30: =IF(G30>0,1,0) -> 1 | L30: =IF(COUNTIF(Sheet14!A:A, A30)>0, 1, 0) -> 0 | M30: =if(L30=1,G30*2,G30) -> 960240
A31: BreakHis | B31: BreakHis | C31: Chest | D31: Breast | E31: Histopathology (microscopy) | F31: Microscopy | G31: 7909 | K31: =IF(G31>0,1,0) -> 1 | L31: =IF(COUNTIF(Sheet14!A:A, A31)>0, 1, 0) -> 0 | M31: =if(L31=1,G31*2,G31) -> 7909
A32: bcfpp | B32: Breast Cancer CT | C32: Chest | D32: Breast | E32: CT | F32: CT | G32: 0 | I32: .jlb | J32: only 1 and that failed | K32: =IF(G32>0,1,0) -> 0
A33: BUS-UCLM | B33: BUS-UCLM | C33: Chest | D33: Breast | E33: Ultrasound | F33: Ultrasound | G33: 683 | K33: =IF(G33>0,1,0) -> 1 | L33: =IF(COUNTIF(Sheet14!A:A, A33)>0, 1, 0) -> 0 | M33: =if(L33=1,G33*2,G33) -> 683
A34: INbreast | B34: INbreast | C34: Chest | D34: Breast | F34: X-Ray | G34: 410 | K34: =IF(G34>0,1,0) -> 1 | L34: =IF(COUNTIF(Sheet14!A:A, A34)>0, 1, 0) -> 0 | M34: =if(L34=1,G34*2,G34) -> 410
A35: Mini-DDSM | B35: Mini-DDSM | C35: Chest | D35: Breast | E35: Mammography | F35: X-Ray | G35: 18682 | K35: =IF(G35>0,1,0) -> 1 | L35: =IF(COUNTIF(Sheet14!A:A, A35)>0, 1, 0) -> 0 | M35: =if(L35=1,G35*2,G35) -> 18682
A36: MITOS-ATYPIA-14 | B36: MITOS-ATYPIA-14 | C36: Chest | D36: Breast | E36: Histopathology | F36: Microscopy | G36: 11172 | K36: =IF(G36>0,1,0) -> 1 | L36: =IF(COUNTIF(Sheet14!A:A, A36)>0, 1, 0) -> 0 | M36: =if(L36=1,G36*2,G36) -> 11172
A37: Post-NAT-BRCA | B37: Post-NAT-BRCA | C37: Chest | D37: Breast | E37: Histopathology | F37: Microscopy | G37: 96 | K37: =IF(G37>0,1,0) -> 1 | L37: =IF(COUNTIF(Sheet14!A:A, A37)>0, 1, 0) -> 0 | M37: =if(L37=1,G37*2,G37) -> 96
A38: sln-breast | B38: SLN-Breast | C38: Chest | D38: Breast | E38: Histopathology | F38: Microscopy | G38: 130 | K38: =IF(G38>0,1,0) -> 1 | L38: =IF(COUNTIF(Sheet14!A:A, A38)>0, 1, 0) -> 0 | M38: =if(L38=1,G38*2,G38) -> 130
A39: TUPAC | B39: TUPAC | C39: Chest | D39: Breast | E39: Histopathology (H&E) | F39: Microscopy | G39: 34 | K39: =IF(G39>0,1,0) -> 1 | L39: =IF(COUNTIF(Sheet14!A:A, A39)>0, 1, 0) -> 0 | M39: =if(L39=1,G39*2,G39) -> 34
A40: Airway | B40: Airway | C40: Chest | D40: Lungs | E40: CT | F40: CT | G40: 13138 | K40: =IF(G40>0,1,0) -> 1 | L40: =IF(COUNTIF(Sheet14!A:A, A40)>0, 1, 0) -> 1 | M40: =if(L40=1,G40*2,G40) -> 26276
A41: ANODE09 | B41: ANODE09 | C41: Chest | D41: Lungs | E41: CT | F41: CT | G41: 40404 | K41: =IF(G41>0,1,0) -> 1 | L41: =IF(COUNTIF(Sheet14!A:A, A41)>0, 1, 0) -> 1 | M41: =if(L41=1,G41*2,G41) -> 80808
A42: chest-xray-pneumonia | B42: Chest X-Ray Images (Pneumonia) | C42: Chest | D42: Lungs | E42: X-ray | F42: X-Ray | G42: 11712 | K42: =IF(G42>0,1,0) -> 1 | L42: =IF(COUNTIF(Sheet14!A:A, A42)>0, 1, 0) -> 0 | M42: =if(L42=1,G42*2,G42) -> 11712
A43: covid-chest-xray | B43: COVID-19 chest xray | C43: Chest | D43: Lungs | E43: X-ray | F43: X-Ray | G43: 357 | K43: =IF(G43>0,1,0) -> 1 | L43: =IF(COUNTIF(Sheet14!A:A, A43)>0, 1, 0) -> 0 | M43: =if(L43=1,G43*2,G43) -> 357
A44: covid19-ct-scans | B44: COVID-19 CT scans | C44: Chest | D44: Lungs | E44: CT | F44: CT | G44: 24066 | K44: =IF(G44>0,1,0) -> 1 | L44: =IF(COUNTIF(Sheet14!A:A, A44)>0, 1, 0) -> 1 | M44: =if(L44=1,G44*2,G44) -> 48132
A45: covid19-image-dataset | B45: Covid-19 Image | C45: Chest | D45: Lungs | E45: X-ray | F45: X-Ray | G45: 317 | K45: =IF(G45>0,1,0) -> 1 | L45: =IF(COUNTIF(Sheet14!A:A, A45)>0, 1, 0) -> 0 | M45: =if(L45=1,G45*2,G45) -> 317
A46: covid19-radiography-database | B46: COVID-19 Radiography Database | C46: Chest | D46: Lungs | E46: X-ray | F46: X-Ray | G46: 21165 | K46: =IF(G46>0,1,0) -> 1 | L46: =IF(COUNTIF(Sheet14!A:A, A46)>0, 1, 0) -> 0 | M46: =if(L46=1,G46*2,G46) -> 21165
... A48: chest-xrays-indiana-university | B48: Indiana U. Chest X-rays | C48: Chest | D48: Lungs | E48: X‑ray | F48: X-Ray | G48: 7470 | K48: =IF(G48>0,1,0) -> 1 | L48: =IF(COUNTIF(Sheet14!A:A, A48)>0, 1, 0) -> 0 | M48: =if(L48=1,G48*2,G48) -> 7470
A49: MELA | B49: MELA | C49: Chest | D49: Lungs | E49: CT | F49: CT | G49: 0 | I49: .mat - not needed | K49: =IF(G49>0,1,0) -> 0
A50: head-ct-hemorrhage | B50: Head CT-hemorrhage | C50: Brain | D50: Head | E50: CT | F50: CT | G50: 200 | K50: =IF(G50>0,1,0) -> 1 | L50: =IF(COUNTIF(Sheet14!A:A, A50)>0, 1, 0) -> 0 | M50: =if(L50=1,G50*2,G50) -> 200
A51: HaN-Seg | B51: HaN-Seg | C51: Brain | D51: Head and neck | E51: CT, MRI | F51: MRI, CT | I51: Mixed modality | K51: =IF(G51>0,1,0) -> 0
A52: AV_groundTruth | B52: RITE | C52: Brain | E52: Fundus photography | F52: Fundus | G52: 1 | K52: =IF(G52>0,1,0) -> 1 | L52: =IF(COUNTIF(Sheet14!A:A, A52)>0, 1, 0) -> 0 | M52: =if(L52=1,G52*2,G52) -> 1
A53: 2013_BOE_Chiu | B53: ACPS | C53: Brain | D53: Eye | E53: Optical imaging | G53: 0 | I53: .mat - not needed | K53: =IF(G53>0,1,0) -> 0
A54: BEH (Bangladesh Eye Hospital) Dataset | B54: BEH (Bangladesh Eye Hospital) | C54: Brain | E54: Fundus photograph | F54: Fundus | G54: 9746 | K54: =IF(G54>0,1,0) -> 1 | L54: =IF(COUNTIF(Sheet14!A:A, A54)>0, 1, 0) -> 0 | M54: =if(L54=1,G54*2,G54) -> 9746
A55: RAVIR Dataset | B55: RAVIR | C55: Brain | D55: Retina | E55: IR | F55: IR | G55: 0 | I55: unclear modality | K55: =IF(G55>0,1,0) -> 0
A56: PERform | B56: PERFORM | C56: Brain | D56: Brain | E56: Physiological signals (ECG, PPG, respiratory) | G56: 0 | I56: ECG not needed | K56: =IF(G56>0,1,0) -> 0
A57: OpenEar | B57: OpenEar | C57: Brain | D57: Ears, Nose, Teeth, and Throat | E57: CBCT, Micro-slicing | F57: CT | G57: 5848586 | K57: =IF(G57>0,1,0) -> 1 | L57: =IF(COUNTIF(Sheet14!A:A, A57)>0, 1, 0) -> 1 | M57: =if(L57=1,G57*2,G57) -> 11697172
A58: Panoramic | B58: Panoramic radiography database | C58: Brain | D58: Ears, Nose, Teeth, and Throat | E58: Panoramic X-ray | F58: X-Ray | G58: 598 | K58: =IF(G58>0,1,0) -> 1 | L58: =IF(COUNTIF(Sheet14!A:A, A58)>0, 1, 0) -> 0 | M58: =if(L58=1,G58*2,G58) -> 598
A59: aptos2019-blindness-detection | B59: APTOS 2019 | C59: Brain | D59: Eyes | E59: Fundus photograph | F59: Fundus | G59: 5590 | K59: =IF(G59>0,1,0) -> 1 | L59: =IF(COUNTIF(Sheet14!A:A, A59)>0, 1, 0) -> 0 | M59: =if(L59=1,G59*2,G59) -> 5590
A60: DRAC | B60: DRAC 2022 | C60: Brain | D60: Eyes | E60: UW-OCTA | F60: OCTA | G60: 2274 | K60: =IF(G60>0,1,0) -> 1 | L60: =IF(COUNTIF(Sheet14!A:A, A60)>0, 1, 0) -> 0 | M60: =if(L60=1,G60*2,G60) -> 2274
A61: diabetic-retinopathy-detection | B61: EyePACS Diabetic Retinopathy Detection | C61: Brain | D61: Eyes | E61: Fundus photograph | F61: Fundus | G61: 10 | K61: =IF(G61>0,1,0) -> 1 | L61: =IF(COUNTIF(Sheet14!A:A, A61)>0, 1, 0) -> 0 | M61: =if(L61=1,G61*2,G61) -> 10
A62: FIRE | B62: FIRE | C62: Brain | D62: Eyes | E62: Fundus photograph | F62: Fundus | G62: 268 | K62: =IF(G62>0,1,0) -> 1 | L62: =IF(COUNTIF(Sheet14!A:A, A62)>0, 1, 0) -> 0 | M62: =if(L62=1,G62*2,G62) -> 268
A63: JustRAIGS | B63: JustRAIGS | C63: Brain | D63: Eyes | G63: 0 | I63: Corrupt | K63: =IF(G63>0,1,0) -> 0
A64: PRIME-FP20 | B64: PRIME-FP20 | C64: Brain | D64: Eyes | E64: Ultra‑widefield fundus photography | G64: 0 | I64: .tif | J64: failed | K64: =IF(G64>0,1,0) -> 0
A65: ROCC | B65: ROCC | C65: Brain | D65: Eyes | E65: Optical Coherence Tomography (OCT) volumes | F65: OCT | G65: 0 | I65: .mat | K65: =IF(G65>0,1,0) -> 0
A66: uk-biobank | B66: UK Biobank | C66: Brain | D66: Eyes | E66: Fundus photography | F66: Fundus | G66: 0 | I66: no images | K66: =IF(G66>0,1,0) -> 0
A67: SLIVER07 | B67: SLIVER07 | C67: Abdomen | D67: Abdomen | E67: CT | F67: CT | G67: 18583 | K67: =IF(G67>0,1,0) -> 1 | L67: =IF(COUNTIF(Sheet14!A:A, A67)>0, 1, 0) -> 1 | M67: =if(L67=1,G67*2,G67) -> 37166
A68: NCT-CRC-HE-100K | B68: NCT-CRC-HE-100K | C68: Abdomen | D68: Colon | E68: Pathology | F68: Microscopy | G68: 0 | I68: Duplicate | K68: =IF(G68>0,1,0) -> 0
A69: 3Dircadb1 | B69: 3D-IRCADB | C69: Abdomen | D69: Abdomen | E69: CT | F69: CT | G69: 20 | K69: =IF(G69>0,1,0) -> 1 | L69: =IF(COUNTIF(Sheet14!A:A, A69)>0, 1, 0) -> 0 | M69: =if(L69=1,G69*2,G69) -> 20
A70: PROMISE12 | B70: PROMISE12 | C70: Abdomen | D70: Abdomen | E70: MRI | F70: MRI | G70: 41615 | K70: =IF(G70>0,1,0) -> 1 | L70: =IF(COUNTIF(Sheet14!A:A, A70)>0, 1, 0) -> 1 | M70: =if(L70=1,G70*2,G70) -> 83230
A71: CHAOS | B71: CHAOS | C71: Abdomen | D71: Abdomen | E71: CT, MRI | F71: MRI, CT | I71: Mixed modality | K71: =IF(G71>0,1,0) -> 0
A72: FLARE2021 | B72: FLARE 2021 | C72: Abdomen | D72: Abdomen | E72: CT | F72: CT | G72: 327087 | K72: =IF(G72>0,1,0) -> 1 | L72: =IF(COUNTIF(Sheet14!A:A, A72)>0, 1, 0) -> 1 | M72: =if(L72=1,G72*2,G72) -> 654174
A73: atlas-train-dataset-1.0.1 | B73: ATLAS (MICCAI2023) | C73: Abdomen | D73: Abdomen | E73: Ce-mri | F73: MRI | G73: 30999 | K73: =IF(G73>0,1,0) -> 1 | L73: =IF(COUNTIF(Sheet14!A:A, A73)>0, 1, 0) -> 1 | M73: =if(L73=1,G73*2,G73) -> 61998
A74: BM-BronchoLC | B74: BM-BronchoLC | C74: Abdomen | D74: Chest and abdomen | E74: Bronchoscopy | F74: Endoscopy | G74: 2605 | I74: Mapping | K74: =IF(G74>0,1,0) -> 1 | L74: =IF(COUNTIF(Sheet14!A:A, A74)>0, 1, 0) -> 0 | M74: =if(L74=1,G74*2,G74) -> 2605
A75: ACOUSLIC | B75: MICCAI-24 ACOUSLIC | C75: Abdomen | E75: Ultrasound | F75: Ultrasound | G75: 301204 | K75: =IF(G75>0,1,0) -> 1 | L75: =IF(COUNTIF(Sheet14!A:A, A75)>0, 1, 0) -> 1 | M75: =if(L75=1,G75*2,G75) -> 602408
A76: PENGWIN | B76: MICCAI 2024 PENGWIN Task1 | C76: Abdomen | D76: Abdomen | E76: CT | F76: CT | G76: 90857 | K76: =IF(G76>0,1,0) -> 1 | L76: =IF(COUNTIF(Sheet14!A:A, A76)>0, 1, 0) -> 1 | M76: =if(L76=1,G76*2,G76) -> 181714
A77: intel-mobileodt-cervical-cancer-screening | B77: Intel & MobileODT Cervical Cancer Screening | C77: Abdomen | E77: Hysteroscopy | F77: Endoscopy | G77: 8724 | I77: Mapping | K77: =IF(G77>0,1,0) -> 1 | L77: =IF(COUNTIF(Sheet14!A:A, A77)>0, 1, 0) -> 0 | M77: =if(L77=1,G77*2,G77) -> 8724
A78: nerthus | B78: The Nerthus Dataset | C78: Abdomen | D78: Intestine | E78: Endoscopy | F78: Endoscopy | G78: 5525 | K78: =IF(G78>0,1,0) -> 1 | L78: =IF(COUNTIF(Sheet14!A:A, A78)>0, 1, 0) -> 0 | M78: =if(L78=1,G78*2,G78) -> 5525
A79: EAD2019 | B79: EAD 2019 | C79: Abdomen | E79: Endoscopy | F79: Endoscopy | G79: 2511 | K79: =IF(G79>0,1,0) -> 1 | L79: =IF(COUNTIF(Sheet14!A:A, A79)>0, 1, 0) -> 0 | M79: =if(L79=1,G79*2,G79) -> 2511
A80: CP-CHILD | B80: CP-CHILD | C80: Abdomen | D80: Pelvic | E80: Endoscopy | F80: Endoscopy | G80: 9500 | K80: =IF(G80>0,1,0) -> 1 | L80: =IF(COUNTIF(Sheet14!A:A, A80)>0, 1, 0) -> 0 | M80: =if(L80=1,G80*2,G80) -> 9500
A81: CholecSeg8k | B81: CholecSeg8k | C81: Abdomen | E81: Endoscopy | F81: Endoscopy | G81: 32320 | K81: =IF(G81>0,1,0) -> 1 | L81: =IF(COUNTIF(Sheet14!A:A, A81)>0, 1, 0) -> 0 | M81: =if(L81=1,G81*2,G81) -> 32320
A82: SERV-CT | B82: SERV-CT | C82: Abdomen | D82: Abdominal cavity | E82: Endoscopy | F82: Endoscopy | G82: 429 | K82: =IF(G82>0,1,0) -> 1 | L82: =IF(COUNTIF(Sheet14!A:A, A82)>0, 1, 0) -> 0 | M82: =if(L82=1,G82*2,G82) -> 429
A83: Collection_of_textures_in_colorectal_cancer_histology | B83: Collection of textures in colorectal cancer histology | C83: Abdomen | D83: Bowel | E83: Histopathology | F83: Microscopy | G83: 4998 | K83: =IF(G83>0,1,0) -> 1 | L83: =IF(COUNTIF(Sheet14!A:A, A83)>0, 1, 0) -> 0 | M83: =if(L83=1,G83*2,G83) -> 4998
A84: CVC-ColonDB | B84: CVC colon DB | C84: Abdomen | D84: Bowel | E84: Colonoscopy images | F84: Endoscopy | G84: 379 | K84: =IF(G84>0,1,0) -> 1 | L84: =IF(COUNTIF(Sheet14!A:A, A84)>0, 1, 0) -> 0 | M84: =if(L84=1,G84*2,G84) -> 379
A85: EndoCV2020-Endoscopy-Disease-Detection-Segmentation-subChallenge_data | B85: EDD2020 | C85: Abdomen | D85: Bowel | E85: Endoscopy | F85: Endoscopy | G85: 386 | K85: =IF(G85>0,1,0) -> 1 | L85: =IF(COUNTIF(Sheet14!A:A, A85)>0, 1, 0) -> 0 | M85: =if(L85=1,G85*2,G85) -> 386
A86: PolypGen2021_MultiCenterData_v3 | B86: PolypGen | C86: Abdomen | D86: Bowel | E86: Endoscopy | F86: Endoscopy | G86: 18620 | K86: =IF(G86>0,1,0) -> 1 | L86: =IF(COUNTIF(Sheet14!A:A, A86)>0, 1, 0) -> 0 | M86: =if(L86=1,G86*2,G86) -> 18620
A87: TCGA-COAD | B87: TCGA-COAD | C87: Abdomen | D87: Bowel | E87: CT | F87: CT | G87: 8387 | K87: =IF(G87>0,1,0) -> 1 | L87: =IF(COUNTIF(Sheet14!A:A, A87)>0, 1, 0) -> 0 | M87: =if(L87=1,G87*2,G87) -> 8387
A88: hubmap-kidney-segmentation | B88: HuBMAP - Hacking the Kidney | C88: Abdomen | D88: Kidneys and Urinary Tract | E88: Histopathology (WSI) | F88: Microscopy | G88: 1 | K88: =IF(G88>0,1,0) -> 1 | L88: =IF(COUNTIF(Sheet14!A:A, A88)>0, 1, 0) -> 0 | M88: =if(L88=1,G88*2,G88) -> 1
A89: TCGA-KICH | B89: TCGA-KICH | C89: Abdomen | D89: Kidneys and Urinary Tract | E89: CT, MR | G89: 0 | I89: No images | K89: =IF(G89>0,1,0) -> 0
A90: Urinary tract infections | B90: Urinary tract infections | C90: Abdomen | D90: Kidneys and Urinary Tract | E90: Microscopy | F90: Microscopy | G90: 595 | K90: =IF(G90>0,1,0) -> 1 | L90: =IF(COUNTIF(Sheet14!A:A, A90)>0, 1, 0) -> 0 | M90: =if(L90=1,G90*2,G90) -> 595
A91: 14371652 | B91: HC18 | C91: Abdomen | D91: Female Reproductive Organs | E91: Ultrasound | F91: Ultrasound | G91: 6224 | K91: =IF(G91>0,1,0) -> 1 | L91: =IF(COUNTIF(Sheet14!A:A, A91)>0, 1, 0) -> 0 | M91: =if(L91=1,G91*2,G91) -> 6224
A92: iugc-ultrasound-video-dataset-miccai-2024 | B92: IUGC | C92: Abdomen | D92: Female Reproductive Organs | E92: Ultrasound | F92: Ultrasound | G92: 33332 | K92: =IF(G92>0,1,0) -> 1 | L92: =IF(COUNTIF(Sheet14!A:A, A92)>0, 1, 0) -> 1 | M92: =if(L92=1,G92*2,G92) -> 66664
A93: cervical-cancer-largest-dataset-sipakmed | B93: SIPaKMeD | C93: Abdomen | D93: Female Reproductive Organs | E93: Microscopy | F93: Microscopy | G93: 5015 | K93: =IF(G93>0,1,0) -> 1 | L93: =IF(COUNTIF(Sheet14!A:A, A93)>0, 1, 0) -> 0 | M93: =if(L93=1,G93*2,G93) -> 5015
A94: Processed_data_nii | B94: Multi-site Dataset for Prostate MRI Segmentation | C94: Abdomen | D94: Male Reproductive Organs | E94: MRI (T2-weighted) | F94: MRI | G94: 51394 | K94: =IF(G94>0,1,0) -> 1 | L94: =IF(COUNTIF(Sheet14!A:A, A94)>0, 1, 0) -> 1 | M94: =if(L94=1,G94*2,G94) -> 102788
A95: TCGA-PRAD | B95: TCGA-PRAD | C95: Abdomen | D95: Male Reproductive Organs | E95: CT; MR; PT | I95: mixed-modalities | K95: =IF(G95>0,1,0) -> 0
A96: complete_mednode_dataset | B96: MED-NODE | C96: Skin | D96: Skin | E96: Dermoscopic | F96: Dermoscopy | G96: 170 | K96: =IF(G96>0,1,0) -> 1 | L96: =IF(COUNTIF(Sheet14!A:A, A96)>0, 1, 0) -> 0 | M96: =if(L96=1,G96*2,G96) -> 170
A97: ISIC-2017_Training_Data | B97: ISIC 2017 | C97: Skin | D97: Melanoma | E97: Dermoscopic | F97: Dermoscopy | G97: 2000 | K97: =IF(G97>0,1,0) -> 1 | L97: =IF(COUNTIF(Sheet14!A:A, A97)>0, 1, 0) -> 0 | M97: =if(L97=1,G97*2,G97) -> 2000
A98: ISIC_2020_Training_Dicom | B98: ISIC 2020 | C98: Skin | D98: Melanoma | E98: Dermoscopic | F98: Dermoscopy | G98: 4485904 | K98: =IF(G98>0,1,0) -> 1 | L98: =IF(COUNTIF(Sheet14!A:A, A98)>0, 1, 0) -> 1 | M98: =if(L98=1,G98*2,G98) -> 8971808
A99: fitzpatrick17k | B99: Fitzpatrick 17k | C99: Skin | D99: Skin | E99: Dermoscopy | F99: Dermoscopy | G99: 16577 | K99: =IF(G99>0,1,0) -> 1 | L99: =IF(COUNTIF(Sheet14!A:A, A99)>0, 1, 0) -> 0 | M99: =if(L99=1,G99*2,G99) -> 16577
A100: SkinCancer | B100: SkinCancer | C100: Skin | E100: Pathology | F100: Microscopy | G100: 129369 | K100: =IF(G100>0,1,0) -> 1 | L100: =IF(COUNTIF(Sheet14!A:A, A100)>0, 1, 0) -> 0 | M100: =if(L100=1,G100*2,G100) -> 129369
A101: augmented-skin-conditions-image-dataset | B101: Augmented Skin Conditions Image Dataset | C101: Skin | E101: Dermatoscope | F101: Dermoscopy | G101: 2394 | K101: =IF(G101>0,1,0) -> 1 | L101: =IF(COUNTIF(Sheet14!A:A, A101)>0, 1, 0) -> 0 | M101: =if(L101=1,G101*2,G101) -> 2394
...

Sheet Sheet14
A1: directory_name | B1: directory_path
A2: 3D-MR-MS | B2: /mnt/data-nas/medical_datasets/mixed_modalities/3D-MR-MS
A3: 3DLowerLimb | B3: /mnt/data-nas/medical_datasets/ajay_processed/3DLowerLimb
A4: 7-Tesla | B4: /mnt/data-nas/medical_datasets/BIOVFM-PNG/7-Tesla
A5: ABIDE | B5: /mnt/data-nas/medical_datasets/BIOVFM-PNG/ABIDE
A6: ACDC | B6: /mnt/data-nas/medical_datasets/ajay_processed/ACDC
A7: ACOUSLIC | B7: /mnt/data-nas/medical_datasets/ajay_processed/ACOUSLIC
A8: ACPI_DU_LaBar | B8: /mnt/data-nas/medical_datasets/ajay_processed/ACPI_DU_LaBar
A9: ACPI_MTA | B9: /mnt/data-nas/medical_datasets/ajay_processed/ACPI_MTA
A10: ACPI_NYU | B10: /mnt/data-nas/medical_datasets/ajay_processed/ACPI_NYU
A11: ACRIN_6688 | B11: /mnt/data-nas/medical_datasets/ajay_processed/ACRIN_6688
A12: ADHD-200 | B12: /mnt/data-nas/medical_datasets/BIOVFM-PNG/ADHD-200
... A169: xVertSeg | B169: /mnt/data-nas/medical_datasets/ajay_processed/xVertSeg

Sheet Website
A1: File (Server name: File name) | B1: Name | C1: Body Part | D1: Anatomical Area | E1: Modality | F1: Broad Modality | G1: Processed Images | H1: Dataset Size | I1: Link | J1: Website Modality
A2: nih-chest-xrays | B2: NIH Chest X-rays | C2: Chest | D2: Chest | E2: X-ray | F2: X-Ray | G2: 356647 | H2: 112120 | I2: =IFERROR(__xludf.DUMMYFUNCTION("XLOOKUP(B2, IMPORTRANGE(""https://docs.google.com/spreadsheets/d/1UBtmuaUf7_Fv957LMBmn6lMadUM-z7scKS8El4i3Thk/edit?usp=sharing"", ""sheet1!J:J""), IMPORTRANGE(""https://docs.google.com/spreadsheets/d/1UBtmuaUf7_Fv957LMBmn6lMadUM-z7scKS8El4i3Thk/edit?usp=s"&"haring"", ""sheet1!AA:AA""), 0)"),"https://www.kaggle.com/datasets/nih-chest-xrays/data") -> https://www.kaggle.com/datasets/nih-chest-xrays/data | J2: =IF(OR(LOWER(F2)="mri", LOWER(F2)="ultrasound", LOWER(F2)="endoscopy", LOWER(F2)="dermoscopy", LOWER(F2)="fundus", LOWER(F2)="octa", LOWER(F2)="oct"), F2, IF(OR(LOWER(E2)="microscopy", LOWER(E2)="histopathology", LOWER(E2)="pathology", LOWER(E2)="ct", LOWER(E2)="pet", LOWER(E2)="x-ray", LOWER(E2)="mammography"), E2, "")) -> X-ray
A3: LIDC-IDRI | B3: LIDC-IDRI | C3: Chest | D3: Lung | E3: CT | F3: CT | G3: 244527 | H3: 244527 | I3: =IFERROR(__xludf.DUMMYFUNCTION("XLOOKUP(B3, IMPORTRANGE(""https://docs.google.com/spreadsheets/d/1UBtmuaUf7_Fv957LMBmn6lMadUM-z7scKS8El4i3Thk/edit?usp=sharing"", ""sheet1!J:J""), IMPORTRANGE(""https://docs.google.com/spreadsheets/d/1UBtmuaUf7_Fv957LMBmn6lMadUM-z7scKS8El4i3Thk/edit?usp=s"&"haring"", ""sheet1!AA:AA""), 0)"),"https://www.cancerimagingarchive.net/collection/lidc-idri/") -> https://www.cancerimagingarchive.net/collection/lidc-idri/ | J3: =IF(OR(F3="MRI", F3="Ultrasound", F3="Endoscopy", F3="Dermoscopy", F3="Fundus", F3="OCTA", F3="OCT"), F3, IF(OR(E3="Microscopy", E3="Histopathology", E3="Pathology", E3="CT", E3="PET", E3="X-Ray", E3="Mammography"), E3, "")) -> CT
A4: tuberculosis-chest-xrays-shenzhen | B4: SZ-CXR | C4: Chest | D4: Lung | E4: X-ray | F4: X-Ray | G4: 662 | H4: 662 | I4: =IFERROR(__xludf.DUMMYFUNCTION("XLOOKUP(B4, IMPORTRANGE(""https://docs.google.com/spreadsheets/d/1UBtmuaUf7_Fv957LMBmn6lMadUM-z7scKS8El4i3Thk/edit?usp=sharing"", ""sheet1!J:J""), IMPORTRANGE(""https://docs.google.com/spreadsheets/d/1UBtmuaUf7_Fv957LMBmn6lMadUM-z7scKS8El4i3Thk/edit?usp=s"&"haring"", ""sheet1!AA:AA""), 0)"),"https://www.kaggle.com/datasets/raddar/tuberculosis-chest-xrays-shenzhen") -> https://www.kaggle.com/datasets/raddar/tuberculosis-chest-xrays-shenzhen | J4: =IF(OR(F4="MRI", F4="Ultrasound", F4="Endoscopy", F4="Dermoscopy", F4="Fundus", F4="OCTA", F4="OCT"), F4, IF(OR(E4="Microscopy", E4="Histopathology", E4="Pathology", E4="CT", E4="PET", E4="X-Ray", E4="Mammography"), E4, "")) -> X-ray
A5: fumpe | B5: FUMPE | C5: Chest | D5: Lung | E5: CT | F5: CT | G5: 8792 | I5: =IFERROR(__xludf.DUMMYFUNCTION("XLOOKUP(B5, IMPORTRANGE(""https://docs.google.com/spreadsheets/d/1UBtmuaUf7_Fv957LMBmn6lMadUM-z7scKS8El4i3Thk/edit?usp=sharing"", ""sheet1!J:J""), IMPORTRANGE(""https://docs.google.com/spreadsheets/d/1UBtmuaUf7_Fv957LMBmn6lMadUM-z7scKS8El4i3Thk/edit?usp=s"&"haring"", ""sheet1!AA:AA""), 0)"),"https://figshare.com/collections/FUMPE/4107803/1") -> https://figshare.com/collections/FUMPE/4107803/1 | J5: =IF(OR(F5="MRI", F5="Ultrasound", F5="Endoscopy", F5="Dermoscopy", F5="Fundus", F5="OCTA", F5="OCT"), F5, IF(OR(E5="Microscopy", E5="Histopathology", E5="Pathology", E5="CT", E5="PET", E5="X-Ray", E5="Mammography"), E5, "")) -> CT
A6: Pneumothorax_Masks | B6: Pneumothorax Masks X-Ray | C6: Chest | D6: Lung | E6: X-ray | F6: X-Ray | G6: 12047 | H6: 12047 | I6: =IFERROR(__xludf.DUMMYFUNCTION("XLOOKUP(B6, IMPORTRANGE(""https://docs.google.com/spreadsheets/d/1UBtmuaUf7_Fv957LMBmn6lMadUM-z7scKS8El4i3Thk/edit?usp=sharing"", ""sheet1!J:J""), IMPORTRANGE(""https://docs.google.com/spreadsheets/d/1UBtmuaUf7_Fv957LMBmn6lMadUM-z7scKS8El4i3Thk/edit?usp=s"&"haring"", ""sheet1!AA:AA""), 0)"),"https://www.kaggle.com/datasets/vbookshelf/pneumothorax-chest-xray-images-and-masks/data") -> https://www.kaggle.com/datasets/vbookshelf/pneumothorax-chest-xray-images-and-masks/data | J6: =IF(OR(F6="MRI", F6="Ultrasound", F6="Endoscopy", F6="Dermoscopy", F6="Fundus", F6="OCTA", F6="OCT"), F6, IF(OR(E6="Microscopy", E6="Histopathology", E6="Pathology", E6="CT", E6="PET", E6="X-Ray", E6="Mammography"), E6, "")) -> X-ray
A7: Dataset_BUSI | B7: BUSI | C7: Chest | D7: Chest | E7: Ultrasound | F7: Ultrasound | G7: 1578 | H7: 780 | I7: =IFERROR(__xludf.DUMMYFUNCTION("XLOOKUP(B7, IMPORTRANGE(""https://docs.google.com/spreadsheets/d/1UBtmuaUf7_Fv957LMBmn6lMadUM-z7scKS8El4i3Thk/edit?usp=sharing"", ""sheet1!J:J""), IMPORTRANGE(""https://docs.google.com/spreadsheets/d/1UBtmuaUf7_Fv957LMBmn6lMadUM-z7scKS8El4i3Thk/edit?usp=s"&"haring"", ""sheet1!AA:AA""), 0)"),"https://scholar.cu.edu.eg/?q=afahmy/pages/dataset") -> https://scholar.cu.edu.eg/?q=afahmy/pages/dataset | J7: =IF(OR(F7="MRI", F7="Ultrasound", F7="Endoscopy", F7="Dermoscopy", F7="Fundus", F7="OCTA", F7="OCT"), F7, IF(OR(E7="Microscopy", E7="Histopathology", E7="Pathology", E7="CT", E7="PET", E7="X-Ray", E7="Mammography"), E7, "")) -> Ultrasound
A8: PleThora | B8: PleThora | C8: Chest | D8: Chest cavity | E8: CT | F8: CT | G8: 67862 | H8: 402 | I8: =IFERROR(__xludf.DUMMYFUNCTION("XLOOKUP(B8, IMPORTRANGE(""https://docs.google.com/spreadsheets/d/1UBtmuaUf7_Fv957LMBmn6lMadUM-z7scKS8El4i3Thk/edit?usp=sharing"", ""sheet1!J:J""), IMPORTRANGE(""https://docs.google.com/spreadsheets/d/1UBtmuaUf7_Fv957LMBmn6lMadUM-z7scKS8El4i3Thk/edit?usp=s"&"haring"", ""sheet1!AA:AA""), 0)"),"https://www.cancerimagingarchive.net/analysis-result/plethora") -> https://www.cancerimagingarchive.net/analysis-result/plethora | J8: =IF(OR(F8="MRI", F8="Ultrasound", F8="Endoscopy", F8="Dermoscopy", F8="Fundus", F8="OCTA", F8="OCT"), F8, IF(OR(E8="Microscopy", E8="Histopathology", E8="Pathology", E8="CT", E8="PET", E8="X-Ray", E8="Mammography"), E8, "")) -> CT
A9: sars_covid_2_ct | B9: SARS-COV-2 Ct-Scan | C9: Chest | D9: Chest | E9: CT | F9: CT | G9: 2481 | H9: 2482 | I9: =IFERROR(__xludf.DUMMYFUNCTION("XLOOKUP(B9, IMPORTRANGE(""https://docs.google.com/spreadsheets/d/1UBtmuaUf7_Fv957LMBmn6lMadUM-z7scKS8El4i3Thk/edit?usp=sharing"", ""sheet1!J:J""), IMPORTRANGE(""https://docs.google.com/spreadsheets/d/1UBtmuaUf7_Fv957LMBmn6lMadUM-z7scKS8El4i3Thk/edit?usp=s"&"haring"", ""sheet1!AA:AA""), 0)"),"https://www.kaggle.com/datasets/plameneduardo/sarscov2-ctscan-dataset") -> https://www.kaggle.com/datasets/plameneduardo/sarscov2-ctscan-dataset | J9: =IF(OR(F9="MRI", F9="Ultrasound", F9="Endoscopy", F9="Dermoscopy", F9="Fundus", F9="OCTA", F9="OCT"), F9, IF(OR(E9="Microscopy", E9="Histopathology", E9="Pathology", E9="CT", E9="PET", E9="X-Ray", E9="Mammography"), E9, "")) -> CT
A10: COVID_CT_COVID-CT | B10: COVID_CT_COVID-CT | C10: Chest | D10: Chest | E10: CT | F10: CT | G10: 1001 | I10: =IFERROR(__xludf.DUMMYFUNCTION("XLOOKUP(B10, IMPORTRANGE(""https://docs.google.com/spreadsheets/d/1UBtmuaUf7_Fv957LMBmn6lMadUM-z7scKS8El4i3Thk/edit?usp=sharing"", ""sheet1!J:J""), IMPORTRANGE(""https://docs.google.com/spreadsheets/d/1UBtmuaUf7_Fv957LMBmn6lMadUM-z7scKS8El4i3Thk/edit?usp="&"sharing"", ""sheet1!AA:AA""), 0)"),"https://tianchi.aliyun.com/dataset/106604") -> https://tianchi.aliyun.com/dataset/106604 | J10: =IF(OR(F10="MRI", F10="Ultrasound", F10="Endoscopy", F10="Dermoscopy", F10="Fundus", F10="OCTA", F10="OCT"), F10, IF(OR(E10="Microscopy", E10="Histopathology", E10="Pathology", E10="CT", E10="PET", E10="X-Ray", E10="Mammography"), E10, "")) -> CT
A11: coronahack | B11: CoronaHack | C11: Chest | D11: Chest | E11: Cxr | F11: X-Ray | G11: 5933 | H11: 5800 | I11: =IFERROR(__xludf.DUMMYFUNCTION("XLOOKUP(B11, IMPORTRANGE(""https://docs.google.com/spreadsheets/d/1UBtmuaUf7_Fv957LMBmn6lMadUM-z7scKS8El4i3Thk/edit?usp=sharing"", ""sheet1!J:J""), IMPORTRANGE(""https://docs.google.com/spreadsheets/d/1UBtmuaUf7_Fv957LMBmn6lMadUM-z7scKS8El4i3Thk/edit?usp="&"sharing"", ""sheet1!AA:AA""), 0)"),"https://www.kaggle.com/datasets/praveengovi/coronahack-chest-xraydataset/data") -> https://www.kaggle.com/datasets/praveengovi/coronahack-chest-xraydataset/data | J11: X-ray
A12: COVIDGR_1.0/COVIDGR_1.0 | B12: COVIDGR | C12: Chest | D12: Chest | E12: X-ray | F12: X-Ray | G12: 852 | H12: 852 | I12: =IFERROR(__xludf.DUMMYFUNCTION("XLOOKUP(B12, IMPORTRANGE(""https://docs.google.com/spreadsheets/d/1UBtmuaUf7_Fv957LMBmn6lMadUM-z7scKS8El4i3Thk/edit?usp=sharing"", ""sheet1!J:J""), IMPORTRANGE(""https://docs.google.com/spreadsheets/d/1UBtmuaUf7_Fv957LMBmn6lMadUM-z7scKS8El4i3Thk/edit?usp="&"sharing"", ""sheet1!AA:AA""), 0)"),"https://github.com/ari-dasci/covidgr") -> https://github.com/ari-dasci/covidgr | J12: =IF(OR(F12="MRI", F12="Ultrasound", F12="Endoscopy", F12="Dermoscopy", F12="Fundus", F12="OCTA", F12="OCT"), F12, IF(OR(E12="Microscopy", E12="Histopathology", E12="Pathology", E12="CT", E12="PET", E12="X-Ray", E12="Mammography"), E12, "")) -> X-ray
A13: siim-covid19-detection | B13: SIIM-FISABIO-RSNA COVID-19 | C13: Chest | D13: Chest | E13: X-ray | F13: X-Ray | G13: 7047 | H13: 6334 | I13: =IFERROR(__xludf.DUMMYFUNCTION("XLOOKUP(B13, IMPORTRANGE(""https://docs.google.com/spreadsheets/d/1UBtmuaUf7_Fv957LMBmn6lMadUM-z7scKS8El4i3Thk/edit?usp=sharing"", ""sheet1!J:J""), IMPORTRANGE(""https://docs.google.com/spreadsheets/d/1UBtmuaUf7_Fv957LMBmn6lMadUM-z7scKS8El4i3Thk/edit?usp="&"sharing"", ""sheet1!AA:AA""), 0)"),"https://www.kaggle.com/competitions/siim-covid19-detection/data") -> https://www.kaggle.com/competitions/siim-covid19-detection/data | J13: =IF(OR(F13="MRI", F13="Ultrasound", F13="Endoscopy", F13="Dermoscopy", F13="Fundus", F13="OCTA", F13="OCT"), F13, IF(OR(E13="Microscopy", E13="Histopathology", E13="Pathology", E13="CT", E13="PET", E13="X-Ray", E13="Mammography"), E13, "")) -> X-ray
A14: WSSS4LUAD | B14: WSSS4LUAD | C14: Chest | D14: Lung | E14: Pathology | F14: Microscopy | G14: 10211 | H14: 10211 | I14: =IFERROR(__xludf.DUMMYFUNCTION("XLOOKUP(B14, IMPORTRANGE(""https://docs.google.com/spreadsheets/d/1UBtmuaUf7_Fv957LMBmn6lMadUM-z7scKS8El4i3Thk/edit?usp=sharing"", ""sheet1!J:J""), IMPORTRANGE(""https://docs.google.com/spreadsheets/d/1UBtmuaUf7_Fv957LMBmn6lMadUM-z7scKS8El4i3Thk/edit?usp="&"sharing"", ""sheet1!AA:AA""), 0)"),"https://wsss4luad.grand-challenge.org/WSSS4LUAD/") -> https://wsss4luad.grand-challenge.org/WSSS4LUAD/ | J14: =IF(OR(F14="MRI", F14="Ultrasound", F14="Endoscopy", F14="Dermoscopy", F14="Fundus", F14="OCTA", F14="OCT"), F14, IF(OR(E14="Microscopy", E14="Histopathology", E14="Pathology", E14="CT", E14="PET", E14="X-Ray", E14="Mammography"), E14, "")) -> Pathology
A15: COVID-19_Radiography_Database | B15: COVID-19 CHEST X-RAY DATABASE | C15: Chest | D15: Chest | E15: X-ray | F15: X-Ray | G15: 3886 | H15: 1341 | I15: =IFERROR(__xludf.DUMMYFUNCTION("XLOOKUP(B15, IMPORTRANGE(""https://docs.google.com/spreadsheets/d/1UBtmuaUf7_Fv957LMBmn6lMadUM-z7scKS8El4i3Thk/edit?usp=sharing"", ""sheet1!J:J""), IMPORTRANGE(""https://docs.google.com/spreadsheets/d/1UBtmuaUf7_Fv957LMBmn6lMadUM-z7scKS8El4i3Thk/edit?usp="&"sharing"", ""sheet1!AA:AA""), 0)"),"https://www.heywhale.com/mw/dataset/6027caee891f960015c863d7/content") -> https://www.heywhale.com/mw/dataset/6027caee891f960015c863d7/content | J15: =IF(OR(F15="MRI", F15="Ultrasound", F15="Endoscopy", F15="Dermoscopy", F15="Fundus", F15="OCTA", F15="OCT"), F15, IF(OR(E15="Microscopy", E15="Histopathology", E15="Pathology", E15="CT", E15="PET", E15="X-Ray", E15="Mammography"), E15, "")) -> X-ray
A16: chest-ctscan/chest-ctscan-images_datasets | B16: Chest CT-Scan images | C16: Chest | D16: Chest | E16: CT | F16: CT | G16: 1000 | I16: =IFERROR(__xludf.DUMMYFUNCTION("XLOOKUP(B16, IMPORTRANGE(""https://docs.google.com/spreadsheets/d/1UBtmuaUf7_Fv957LMBmn6lMadUM-z7scKS8El4i3Thk/edit?usp=sharing"", ""sheet1!J:J""), IMPORTRANGE(""https://docs.google.com/spreadsheets/d/1UBtmuaUf7_Fv957LMBmn6lMadUM-z7scKS8El4i3Thk/edit?usp="&"sharing"", ""sheet1!AA:AA""), 0)"),"https://tianchi.aliyun.com/dataset/93929") -> https://tianchi.aliyun.com/dataset/93929 | J16: =IF(OR(F16="MRI", F16="Ultrasound", F16="Endoscopy", F16="Dermoscopy", F16="Fundus", F16="OCTA", F16="OCT"), F16, IF(OR(E16="Microscopy", E16="Histopathology", E16="Pathology", E16="CT", E16="PET", E16="X-Ray", E16="Mammography"), E16, "")) -> CT
A17: COVID-19-CT/COVID-19-CT_SCAN_IMAGES_datasets | B17: COVID-19-CT SCAN IMAGES | C17: Chest | D17: Chest | E17: CT | F17: CT | G17: 1404 | I17: =IFERROR(__xludf.DUMMYFUNCTION("XLOOKUP(B17, IMPORTRANGE(""https://docs.google.com/spreadsheets/d/1UBtmuaUf7_Fv957LMBmn6lMadUM-z7scKS8El4i3Thk/edit?usp=sharing"", ""sheet1!J:J""), IMPORTRANGE(""https://docs.google.com/spreadsheets/d/1UBtmuaUf7_Fv957LMBmn6lMadUM-z7scKS8El4i3Thk/edit?usp="&"sharing"", ""sheet1!AA:AA""), 0)"),"https://tianchi.aliyun.com/dataset/93666") -> https://tianchi.aliyun.com/dataset/93666 | J17: =IF(OR(F17="MRI", F17="Ultrasound", F17="Endoscopy", F17="Dermoscopy", F17="Fundus", F17="OCTA", F17="OCT"), F17, IF(OR(E17="Microscopy", E17="Histopathology", E17="Pathology", E17="CT", E17="PET", E17="X-Ray", E17="Mammography"), E17, "")) -> CT
A18: xray-pd | B18: Chest X-ray PD Dataset | C18: Chest | D18: Chest | E18: X-ray | F18: X-Ray | G18: 4575 | H18: 4575 | I18: =IFERROR(__xludf.DUMMYFUNCTION("XLOOKUP(B18, IMPORTRANGE(""https://docs.google.com/spreadsheets/d/1UBtmuaUf7_Fv957LMBmn6lMadUM-z7scKS8El4i3Thk/edit?usp=sharing"", ""sheet1!J:J""), IMPORTRANGE(""https://docs.google.com/spreadsheets/d/1UBtmuaUf7_Fv957LMBmn6lMadUM-z7scKS8El4i3Thk/edit?usp="&"sharing"", ""sheet1!AA:AA""), 0)"),"https://data.mendeley.com/datasets/jctsfj2sfn/1") -> https://data.mendeley.com/datasets/jctsfj2sfn/1 | J18: =IF(OR(F18="MRI", F18="Ultrasound", F18="Endoscopy", F18="Dermoscopy", F18="Fundus", F18="OCTA", F18="OCT"), F18, IF(OR(E18="Microscopy", E18="Histopathology", E18="Pathology", E18="CT", E18="PET", E18="X-Ray", E18="Mammography"), E18, "")) -> X-ray
A19: ChinaSet_AllFIles | B19: Shenzhen chest X-ray set | C19: Chest | D19: Chest | E19: X-Ray | F19: X-Ray | G19: 662 | H19: 662 | I19: =IFERROR(__xludf.DUMMYFUNCTION("XLOOKUP(B19, IMPORTRANGE(""https://docs.google.com/spreadsheets/d/1UBtmuaUf7_Fv957LMBmn6lMadUM-z7scKS8El4i3Thk/edit?usp=sharing"", ""sheet1!J:J""), IMPORTRANGE(""https://docs.google.com/spreadsheets/d/1UBtmuaUf7_Fv957LMBmn6lMadUM-z7scKS8El4i3Thk/edit?usp="&"sharing"", ""sheet1!AA:AA""), 0)"),"https://lhncbc.nlm.nih.gov/LHC-downloads/downloads.html#tuberculosis-image-data-sets") -> https://lhncbc.nlm.nih.gov/LHC-downloads/downloads.html#tuberculosis-image-data-sets | J19: X-ray
A20: mvseg2023 | B20: MVSeg-3DTEE 2023 | C20: Chest | D20: Chest | E20: Us | F20: Ultrasound | G20: 77746 | H20: 150 | I20: =IFERROR(__xludf.DUMMYFUNCTION("XLOOKUP(B20, IMPORTRANGE(""https://docs.google.com/spreadsheets/d/1UBtmuaUf7_Fv957LMBmn6lMadUM-z7scKS8El4i3Thk/edit?usp=sharing"", ""sheet1!J:J""), IMPORTRANGE(""https://docs.google.com/spreadsheets/d/1UBtmuaUf7_Fv957LMBmn6lMadUM-z7scKS8El4i3Thk/edit?usp="&"sharing"", ""sheet1!AA:AA""), 0)"),"https://www.synapse.org/#!Synapse:syn51186045/wiki/621356") -> https://www.synapse.org/#!Synapse:syn51186045/wiki/621356 | J20: =IF(OR(F20="MRI", F20="Ultrasound", F20="Endoscopy", F20="Dermoscopy", F20="Fundus", F20="OCTA", F20="OCT"), F20, IF(OR(E20="Microscopy", E20="Histopathology", E20="Pathology", E20="CT", E20="PET", E20="X-Ray", E20="Mammography"), E20, "")) -> Ultrasound
A21: AIIB23 | B21: AIIB23 | C21: Chest | D21: Chest | E21: CT | F21: CT | G21: 138093 | H21: 285 | I21: =IFERROR(__xludf.DUMMYFUNCTION("XLOOKUP(B21, IMPORTRANGE(""https://docs.google.com/spreadsheets/d/1UBtmuaUf7_Fv957LMBmn6lMadUM-z7scKS8El4i3Thk/edit?usp=sharing"", ""sheet1!J:J""), IMPORTRANGE(""https://docs.google.com/spreadsheets/d/1UBtmuaUf7_Fv957LMBmn6lMadUM-z7scKS8El4i3Thk/edit?usp="&"sharing"", ""sheet1!AA:AA""), 0)"),"https://codalab.lisn.upsaclay.fr/competitions/13238") -> https://codalab.lisn.upsaclay.fr/competitions/13238 | J21: =IF(OR(F21="MRI", F21="Ultrasound", F21="Endoscopy", F21="Dermoscopy", F21="Fundus", F21="OCTA", F21="OCT"), F21, IF(OR(E21="Microscopy", E21="Histopathology", E21="Pathology", E21="CT", E21="PET", E21="X-Ray", E21="Mammography"), E21, "")) -> CT
A22: LNQ_2023 | B22: LNQ 2023 | C22: Chest | D22: Chest | E22: CT | F22: CT | G22: 242202 | I22: =IFERROR(__xludf.DUMMYFUNCTION("XLOOKUP(B22, IMPORTRANGE(""https://docs.google.com/spreadsheets/d/1UBtmuaUf7_Fv957LMBmn6lMadUM-z7scKS8El4i3Thk/edit?usp=sharing"", ""sheet1!J:J""), IMPORTRANGE(""https://docs.google.com/spreadsheets/d/1UBtmuaUf7_Fv957LMBmn6lMadUM-z7scKS8El4i3Thk/edit?usp="&"sharing"", ""sheet1!AA:AA""), 0)"),"https://lnq2023.grand-challenge.org/lnq2023/") -> https://lnq2023.grand-challenge.org/lnq2023/ | J22: =IF(OR(F22="MRI", F22="Ultrasound", F22="Endoscopy", F22="Dermoscopy", F22="Fundus", F22="OCTA", F22="OCT"), F22, IF(OR(E22="Microscopy", E22="Histopathology", E22="Pathology", E22="CT", E22="PET", E22="X-Ray", E22="Mammography"), E22, "")) -> CT
A23: LungHist700 | B23: LungHist700 | C23: Chest | D23: Lung | E23: Pathological images | F23: Microscopy | G23: 691 | H23: 691 | I23: =IFERROR(__xludf.DUMMYFUNCTION("XLOOKUP(B23, IMPORTRANGE(""https://docs.google.com/spreadsheets/d/1UBtmuaUf7_Fv957LMBmn6lMadUM-z7scKS8El4i3Thk/edit?usp=sharing"", ""sheet1!J:J""), IMPORTRANGE(""https://docs.google.com/spreadsheets/d/1UBtmuaUf7_Fv957LMBmn6lMadUM-z7scKS8El4i3Thk/edit?usp="&"sharing"", ""sheet1!AA:AA""), 0)"),"https://www.nature.com/articles/s41597-024-03944-3") -> https://www.nature.com/articles/s41597-024-03944-3 | J23: Pathology
A24: VESSEL12 | B24: VESSEL12 | C24: Chest | D24: Lung | E24: CT | F24: CT | G24: 16737 | I24: =IFERROR(__xludf.DUMMYFUNCTION("XLOOKUP(B24, IMPORTRANGE(""https://docs.google.com/spreadsheets/d/1UBtmuaUf7_Fv957LMBmn6lMadUM-z7scKS8El4i3Thk/edit?usp=sharing"", ""sheet1!J:J""), IMPORTRANGE(""https://docs.google.com/spreadsheets/d/1UBtmuaUf7_Fv957LMBmn6lMadUM-z7scKS8El4i3Thk/edit?usp="&"sharing"", ""sheet1!AA:AA""), 0)"),"https://vessel12.grand-challenge.org/") -> https://vessel12.grand-challenge.org/ | J24: =IF(OR(F24="MRI", F24="Ultrasound", F24="Endoscopy", F24="Dermoscopy", F24="Fundus", F24="OCTA", F24="OCT"), F24, IF(OR(E24="Microscopy", E24="Histopathology", E24="Pathology", E24="CT", E24="PET", E24="X-Ray", E24="Mammography"), E24, "")) -> CT
A25: mias-mammography | B25: MIAS | C25: Chest | D25: Breast | E25: X-ray | F25: X-Ray | G25: 322 | H25: 322 | I25: =IFERROR(__xludf.DUMMYFUNCTION("XLOOKUP(B25, IMPORTRANGE(""https://docs.google.com/spreadsheets/d/1UBtmuaUf7_Fv957LMBmn6lMadUM-z7scKS8El4i3Thk/edit?usp=sharing"", ""sheet1!J:J""), IMPORTRANGE(""https://docs.google.com/spreadsheets/d/1UBtmuaUf7_Fv957LMBmn6lMadUM-z7scKS8El4i3Thk/edit?usp="&"sharing"", ""sheet1!AA:AA""), 0)"),"https://doi.org/10.17863/CAM.105113") -> https://doi.org/10.17863/CAM.105113 | J25: =IF(OR(F25="MRI", F25="Ultrasound", F25="Endoscopy", F25="Dermoscopy", F25="Fundus", F25="OCTA", F25="OCT"), F25, IF(OR(E25="Microscopy", E25="Histopathology", E25="Pathology", E25="CT", E25="PET", E25="X-Ray", E25="Mammography"), E25, "")) -> X-ray
A26: DeepLesion | B26: DeepLesion | C26: Chest | D26: Chest | E26: CT | F26: CT | G26: 960240 | H26: 32000 | I26: =IFERROR(__xludf.DUMMYFUNCTION("XLOOKUP(B26, IMPORTRANGE(""https://docs.google.com/spreadsheets/d/1UBtmuaUf7_Fv957LMBmn6lMadUM-z7scKS8El4i3Thk/edit?usp=sharing"", ""sheet1!J:J""), IMPORTRANGE(""https://docs.google.com/spreadsheets/d/1UBtmuaUf7_Fv957LMBmn6lMadUM-z7scKS8El4i3Thk/edit?usp="&"sharing"", ""sheet1!AA:AA""), 0)"),"https://nihcc.app.box.com/v/DeepLesion") -> https://nihcc.app.box.com/v/DeepLesion | J26: =IF(OR(F26="MRI", F26="Ultrasound", F26="Endoscopy", F26="Dermoscopy", F26="Fundus", F26="OCTA", F26="OCT"), F26, IF(OR(E26="Microscopy", E26="Histopathology", E26="Pathology", E26="CT", E26="PET", E26="X-Ray", E26="Mammography"), E26, "")) -> CT
A27: BreakHis | B27: BreakHis | C27: Chest | D27: Breast | E27: Histopathology (microscopy) | F27: Microscopy | G27: 7909 | H27: 7909 | I27: =IFERROR(__xludf.DUMMYFUNCTION("XLOOKUP(B27, IMPORTRANGE(""https://docs.google.com/spreadsheets/d/1UBtmuaUf7_Fv957LMBmn6lMadUM-z7scKS8El4i3Thk/edit?usp=sharing"", ""sheet1!J:J""), IMPORTRANGE(""https://docs.google.com/spreadsheets/d/1UBtmuaUf7_Fv957LMBmn6lMadUM-z7scKS8El4i3Thk/edit?usp="&"sharing"", ""sheet1!AA:AA""), 0)"),"https://web.inf.ufpr.br/vri/databases/breast-cancer-histopathological-database-breakhis") -> https://web.inf.ufpr.br/vri/databases/breast-cancer-histopathological-database-breakhis | J27: Histopathology
A28: BUS-UCLM | B28: BUS-UCLM | C28: Chest | D28: Breast | E28: Ultrasound | F28: Ultrasound | G28: 683 | H28: 683 | I28: =IFERROR(__xludf.DUMMYFUNCTION("XLOOKUP(B28, IMPORTRANGE(""https://docs.google.com/spreadsheets/d/1UBtmuaUf7_Fv957LMBmn6lMadUM-z7scKS8El4i3Thk/edit?usp=sharing"", ""sheet1!J:J""), IMPORTRANGE(""https://docs.google.com/spreadsheets/d/1UBtmuaUf7_Fv957LMBmn6lMadUM-z7scKS8El4i3Thk/edit?usp="&"sharing"", ""sheet1!AA:AA""), 0)"),"https://data.mendeley.com/datasets/7fvgj4jsp7") -> https://data.mendeley.com/datasets/7fvgj4jsp7 | J28: =IF(OR(F28="MRI", F28="Ultrasound", F28="Endoscopy", F28="Dermoscopy", F28="Fundus", F28="OCTA", F28="OCT"), F28, IF(OR(E28="Microscopy", E28="Histopathology", E28="Pathology", E28="CT", E28="PET", E28="X-Ray", E28="Mammography"), E28, "")) -> Ultrasound
A29: INbreast | B29: INbreast | C29: Chest | D29: Breast | E29: X-ray | F29: X-Ray | G29: 410 | H29: 410 | I29: =IFERROR(__xludf.DUMMYFUNCTION("XLOOKUP(B29, IMPORTRANGE(""https://docs.google.com/spreadsheets/d/1UBtmuaUf7_Fv957LMBmn6lMadUM-z7scKS8El4i3Thk/edit?usp=sharing"", ""sheet1!J:J""), IMPORTRANGE(""https://docs.google.com/spreadsheets/d/1UBtmuaUf7_Fv957LMBmn6lMadUM-z7scKS8El4i3Thk/edit?usp="&"sharing"", ""sheet1!AA:AA""), 0)"),"https://www.kaggle.com/datasets/martholi/inbreast") -> https://www.kaggle.com/datasets/martholi/inbreast | J29: =IF(OR(F29="MRI", F29="Ultrasound", F29="Endoscopy", F29="Dermoscopy", F29="Fundus", F29="OCTA", F29="OCT"), F29, IF(OR(E29="Microscopy", E29="Histopathology", E29="Pathology", E29="CT", E29="PET", E29="X-Ray", E29="Mammography"), E29, "")) -> X-ray
A30: Mini-DDSM | B30: Mini-DDSM | C30: Chest | D30: Breast | E30: Mammography | F30: X-Ray | G30: 18682 | H30: 18682 | I30: =IFERROR(__xludf.DUMMYFUNCTION("XLOOKUP(B30, IMPORTRANGE(""https://docs.google.com/spreadsheets/d/1UBtmuaUf7_Fv957LMBmn6lMadUM-z7scKS8El4i3Thk/edit?usp=sharing"", ""sheet1!J:J""), IMPORTRANGE(""https://docs.google.com/spreadsheets/d/1UBtmuaUf7_Fv957LMBmn6lMadUM-z7scKS8El4i3Thk/edit?usp="&"sharing"", ""sheet1!AA:AA""), 0)"),"https://www.kaggle.com/datasets/cheddad/miniddsm2") -> https://www.kaggle.com/datasets/cheddad/miniddsm2 | J30: =IF(OR(F30="MRI", F30="Ultrasound", F30="Endoscopy", F30="Dermoscopy", F30="Fundus", F30="OCTA", F30="OCT"), F30, IF(OR(E30="Microscopy", E30="Histopathology", E30="Pathology", E30="CT", E30="PET", E30="X-Ray", E30="Mammography"), E30, "")) -> Mammography
A31: MITOS-ATYPIA-14 | B31: MITOS-ATYPIA-14 | C31: Chest | D31: Breast | E31: Histopathology | F31: Microscopy | G31: 11172 | H31: 11172 | I31: =IFERROR(__xludf.DUMMYFUNCTION("XLOOKUP(B31, IMPORTRANGE(""https://docs.google.com/spreadsheets/d/1UBtmuaUf7_Fv957LMBmn6lMadUM-z7scKS8El4i3Thk/edit?usp=sharing"", ""sheet1!J:J""), IMPORTRANGE(""https://docs.google.com/spreadsheets/d/1UBtmuaUf7_Fv957LMBmn6lMadUM-z7scKS8El4i3Thk/edit?usp="&"sharing"", ""sheet1!AA:AA""), 0)"),"https://mitos-atypia-14.grand-challenge.org") -> https://mitos-atypia-14.grand-challenge.org | J31: =IF(OR(F31="MRI", F31="Ultrasound", F31="Endoscopy", F31="Dermoscopy", F31="Fundus", F31="OCTA", F31="OCT"), F31, IF(OR(E31="Microscopy", E31="Histopathology", E31="Pathology", E31="CT", E31="PET", E31="X-Ray", E31="Mammography"), E31, "")) -> Histopathology
A32: Post-NAT-BRCA | B32: Post-NAT-BRCA | C32: Chest | D32: Breast | E32: Histopathology | F32: Microscopy | G32: 96 | H32: 96 | I32: =IFERROR(__xludf.DUMMYFUNCTION("XLOOKUP(B32, IMPORTRANGE(""https://docs.google.com/spreadsheets/d/1UBtmuaUf7_Fv957LMBmn6lMadUM-z7scKS8El4i3Thk/edit?usp=sharing"", ""sheet1!J:J""), IMPORTRANGE(""https://docs.google.com/spreadsheets/d/1UBtmuaUf7_Fv957LMBmn6lMadUM-z7scKS8El4i3Thk/edit?usp="&"sharing"", ""sheet1!AA:AA""), 0)"),"https://www.cancerimagingarchive.net/collection/post-nat-brca") -> https://www.cancerimagingarchive.net/collection/post-nat-brca | J32: =IF(OR(F32="MRI", F32="Ultrasound", F32="Endoscopy", F32="Dermoscopy", F32="Fundus", F32="OCTA", F32="OCT"), F32, IF(OR(E32="Microscopy", E32="Histopathology", E32="Pathology", E32="CT", E32="PET", E32="X-Ray", E32="Mammography"), E32, "")) -> Histopathology
A33: sln-breast | B33: SLN-Breast | C33: Chest | D33: Breast | E33: Histopathology | F33: Microscopy | G33: 130 | H33: 130 | I33: =IFERROR(__xludf.DUMMYFUNCTION("XLOOKUP(B33, IMPORTRANGE(""https://docs.google.com/spreadsheets/d/1UBtmuaUf7_Fv957LMBmn6lMadUM-z7scKS8El4i3Thk/edit?usp=sharing"", ""sheet1!J:J""), IMPORTRANGE(""https://docs.google.com/spreadsheets/d/1UBtmuaUf7_Fv957LMBmn6lMadUM-z7scKS8El4i3Thk/edit?usp="&"sharing"", ""sheet1!AA:AA""), 0)"),"https://www.cancerimagingarchive.net/collection/sln-breast") -> https://www.cancerimagingarchive.net/collection/sln-breast | J33: =IF(OR(F33="MRI", F33="Ultrasound", F33="Endoscopy", F33="Dermoscopy", F33="Fundus", F33="OCTA", F33="OCT"), F33, IF(OR(E33="Microscopy", E33="Histopathology", E33="Pathology", E33="CT", E33="PET", E33="X-Ray", E33="Mammography"), E33, "")) -> Histopathology
A34: TUPAC | B34: TUPAC | C34: Chest | D34: Breast | E34: Histopathology (H&E) | F34: Microscopy | G34: 34 | H34: 34 | I34: =IFERROR(__xludf.DUMMYFUNCTION("XLOOKUP(B34, IMPORTRANGE(""https://docs.google.com/spreadsheets/d/1UBtmuaUf7_Fv957LMBmn6lMadUM-z7scKS8El4i3Thk/edit?usp=sharing"", ""sheet1!J:J""), IMPORTRANGE(""https://docs.google.com/spreadsheets/d/1UBtmuaUf7_Fv957LMBmn6lMadUM-z7scKS8El4i3Thk/edit?usp="&"sharing"", ""sheet1!AA:AA""), 0)"),"https://tupac.grand-challenge.org") -> https://tupac.grand-challenge.org | J34: Histopathology
A35: Airway | B35: Airway | C35: Chest | D35: Lungs | E35: CT | F35: CT | G35: 13138 | I35: =IFERROR(__xludf.DUMMYFUNCTION("XLOOKUP(B35, IMPORTRANGE(""https://docs.google.com/spreadsheets/d/1UBtmuaUf7_Fv957LMBmn6lMadUM-z7scKS8El4i3Thk/edit?usp=sharing"", ""sheet1!J:J""), IMPORTRANGE(""https://docs.google.com/spreadsheets/d/1UBtmuaUf7_Fv957LMBmn6lMadUM-z7scKS8El4i3Thk/edit?usp="&"sharing"", ""sheet1!AA:AA""), 0)"),"https://datadryad.org/stash/dataset/doi:10.5061/dryad.mj76c") -> https://datadryad.org/stash/dataset/doi:10.5061/dryad.mj76c | J35: =IF(OR(F35="MRI", F35="Ultrasound", F35="Endoscopy", F35="Dermoscopy", F35="Fundus", F35="OCTA", F35="OCT"), F35, IF(OR(E35="Microscopy", E35="Histopathology", E35="Pathology", E35="CT", E35="PET", E35="X-Ray", E35="Mammography"), E35, "")) -> CT
A36: ANODE09 | B36: ANODE09 | C36: Chest | D36: Lungs | E36: CT | F36: CT | G36: 40404 | H36: 55 | I36: =IFERROR(__xludf.DUMMYFUNCTION("XLOOKUP(B36, IMPORTRANGE(""https://docs.google.com/spreadsheets/d/1UBtmuaUf7_Fv957LMBmn6lMadUM-z7scKS8El4i3Thk/edit?usp=sharing"", ""sheet1!J:J""), IMPORTRANGE(""https://docs.google.com/spreadsheets/d/1UBtmuaUf7_Fv957LMBmn6lMadUM-z7scKS8El4i3Thk/edit?usp="&"sharing"", ""sheet1!AA:AA""), 0)"),"https://anode09.grand-challenge.org/") -> https://anode09.grand-challenge.org/ | J36: =IF(OR(F36="MRI", F36="Ultrasound", F36="Endoscopy", F36="Dermoscopy", F36="Fundus", F36="OCTA", F36="OCT"), F36, IF(OR(E36="Microscopy", E36="Histopathology", E36="Pathology", E36="CT", E36="PET", E36="X-Ray", E36="Mammography"), E36, "")) -> CT
A37: chest-xray-pneumonia | B37: Chest X-Ray Images (Pneumonia) | C37: Chest | D37: Lungs | E37: X-ray | F37: X-Ray | G37: 11712 | H37: 5863 | I37: =IFERROR(__xludf.DUMMYFUNCTION("XLOOKUP(B37, IMPORTRANGE(""https://docs.google.com/spreadsheets/d/1UBtmuaUf7_Fv957LMBmn6lMadUM-z7scKS8El4i3Thk/edit?usp=sharing"", ""sheet1!J:J""), IMPORTRANGE(""https://docs.google.com/spreadsheets/d/1UBtmuaUf7_Fv957LMBmn6lMadUM-z7scKS8El4i3Thk/edit?usp="&"sharing"", ""sheet1!AA:AA""), 0)"),"https://www.kaggle.com/datasets/paultimothymooney/chest-xray-pneumonia") -> https://www.kaggle.com/datasets/paultimothymooney/chest-xray-pneumonia | J37: =IF(OR(F37="MRI", F37="Ultrasound", F37="Endoscopy", F37="Dermoscopy", F37="Fundus", F37="OCTA", F37="OCT"), F37, IF(OR(E37="Microscopy", E37="Histopathology", E37="Pathology", E37="CT", E37="PET", E37="X-Ray", E37="Mammography"), E37, "")) -> X-ray
A38: covid-chest-xray | B38: COVID-19 chest xray | C38: Chest | D38: Lungs | E38: X-ray | F38: X-Ray | G38: 357 | H38: 372 | I38: =IFERROR(__xludf.DUMMYFUNCTION("XLOOKUP(B38, IMPORTRANGE(""https://docs.google.com/spreadsheets/d/1UBtmuaUf7_Fv957LMBmn6lMadUM-z7scKS8El4i3Thk/edit?usp=sharing"", ""sheet1!J:J""), IMPORTRANGE(""https://docs.google.com/spreadsheets/d/1UBtmuaUf7_Fv957LMBmn6lMadUM-z7scKS8El4i3Thk/edit?usp="&"sharing"", ""sheet1!AA:AA""), 0)"),"https://www.kaggle.com/datasets/bachrr/covid-chest-xray") -> https://www.kaggle.com/datasets/bachrr/covid-chest-xray | J38: =IF(OR(F38="MRI", F38="Ultrasound", F38="Endoscopy", F38="Dermoscopy", F38="Fundus", F38="OCTA", F38="OCT"), F38, IF(OR(E38="Microscopy", E38="Histopathology", E38="Pathology", E38="CT", E38="PET", E38="X-Ray", E38="Mammography"), E38, "")) -> X-ray
A39: covid19-ct-scans | B39: COVID-19 CT scans | C39: Chest | D39: Lungs | E39: CT | F39: CT | G39: 24066 | H39: 20 | I39: =IFERROR(__xludf.DUMMYFUNCTION("XLOOKUP(B39, IMPORTRANGE(""https://docs.google.com/spreadsheets/d/1UBtmuaUf7_Fv957LMBmn6lMadUM-z7scKS8El4i3Thk/edit?usp=sharing"", ""sheet1!J:J""), IMPORTRANGE(""https://docs.google.com/spreadsheets/d/1UBtmuaUf7_Fv957LMBmn6lMadUM-z7scKS8El4i3Thk/edit?usp="&"sharing"", ""sheet1!AA:AA""), 0)"),"https://www.kaggle.com/datasets/andrewmvd/covid19-ct-scans") -> https://www.kaggle.com/datasets/andrewmvd/covid19-ct-scans | J39: =IF(OR(F39="MRI", F39="Ultrasound", F39="Endoscopy", F39="Dermoscopy", F39="Fundus", F39="OCTA", F39="OCT"), F39, IF(OR(E39="Microscopy", E39="Histopathology", E39="Pathology", E39="CT", E39="PET", E39="X-Ray", E39="Mammography"), E39, "")) -> CT
A40: covid19-image-dataset | B40: Covid-19 Image | C40: Chest | D40: Lungs | E40: X-ray | F40: X-Ray | G40: 317 | H40: 317 | I40: =IFERROR(__xludf.DUMMYFUNCTION("XLOOKUP(B40, IMPORTRANGE(""https://docs.google.com/spreadsheets/d/1UBtmuaUf7_Fv957LMBmn6lMadUM-z7scKS8El4i3Thk/edit?usp=sharing"", ""sheet1!J:J""), IMPORTRANGE(""https://docs.google.com/spreadsheets/d/1UBtmuaUf7_Fv957LMBmn6lMadUM-z7scKS8El4i3Thk/edit?usp="&"sharing"", ""sheet1!AA:AA""), 0)"),"https://www.kaggle.com/datasets/pranavraikokte/covid19-image-dataset") -> https://www.kaggle.com/datasets/pranavraikokte/covid19-image-dataset | J40: =IF(OR(F40="MRI", F40="Ultrasound", F40="Endoscopy", F40="Dermoscopy", F40="Fundus", F40="OCTA", F40="OCT"), F40, IF(OR(E40="Microscopy", E40="Histopathology", E40="Pathology", E40="CT", E40="PET", E40="X-Ray", E40="Mammography"), E40, "")) -> X-ray
A41: covid19-radiography-database | B41: COVID-19 Radiography Database | C41: Chest | D41: Lungs | E41: X-ray | F41: X-Ray | G41: 21165 | H41: 33920 | I41: =IFERROR(__xludf.DUMMYFUNCTION("XLOOKUP(B41, IMPORTRANGE(""https://docs.google.com/spreadsheets/d/1UBtmuaUf7_Fv957LMBmn6lMadUM-z7scKS8El4i3Thk/edit?usp=sharing"", ""sheet1!J:J""), IMPORTRANGE(""https://docs.google.com/spreadsheets/d/1UBtmuaUf7_Fv957LMBmn6lMadUM-z7scKS8El4i3Thk/edit?usp="&"sharing"", ""sheet1!AA:AA""), 0)"),"https://www.kaggle.com/datasets/tawsifurrahman/covid19-radiography-database") -> https://www.kaggle.com/datasets/tawsifurrahman/covid19-radiography-database | J41: =IF(OR(F41="MRI", F41="Ultrasound", F41="Endoscopy", F41="Dermoscopy", F41="Fundus", F41="OCTA", F41="OCT"), F41, IF(OR(E41="Microscopy", E41="Histopathology", E41="Pathology", E41="CT", E41="PET", E41="X-Ray", E41="Mammography"), E41, "")) -> X-ray
A42: covidx-cxr2 | B42: COVIDx | C42: Chest | D42: Lungs | E42: X-ray | F42: X-Ray | G42: 84818 | H42: 29986 | I42: =IFERROR(__xludf.DUMMYFUNCTION("XLOOKUP(B42, IMPORTRANGE(""https://docs.google.com/spreadsheets/d/1UBtmuaUf7_Fv957LMBmn6lMadUM-z7scKS8El4i3Thk/edit?usp=sharing"", ""sheet1!J:J""), IMPORTRANGE(""https://docs.google.com/spreadsheets/d/1UBtmuaUf7_Fv957LMBmn6lMadUM-z7scKS8El4i3Thk/edit?usp="&"sharing"", ""sheet1!AA:AA""), 0)"),"https://github.com/lindawangg/COVID-Net/blob/master/docs/COVIDx.md") -> https://github.com/lindawangg/COVID-Net/blob/master/docs/COVIDx.md | J42: =IF(OR(F42="MRI", F42="Ultrasound", F42="Endoscopy", F42="Dermoscopy", F42="Fundus", F42="OCTA", F42="OCT"), F42, IF(OR(E42="Microscopy", E42="Histopathology", E42="Pathology", E42="CT", E42="PET", E42="X-Ray", E42="Mammography"), E42, "")) -> X-ray
A43: chest-xrays-indiana-university | B43: Indiana U. Chest X-rays | C43: Chest | D43: Lungs | E43: X‑ray | F43: X-Ray | G43: 7470 | H43: 7470 | I43: =IFERROR(__xludf.DUMMYFUNCTION("XLOOKUP(B43, IMPORTRANGE(""https://docs.google.com/spreadsheets/d/1UBtmuaUf7_Fv957LMBmn6lMadUM-z7scKS8El4i3Thk/edit?usp=sharing"", ""sheet1!J:J""), IMPORTRANGE(""https://docs.google.com/spreadsheets/d/1UBtmuaUf7_Fv957LMBmn6lMadUM-z7scKS8El4i3Thk/edit?usp="&"sharing"", ""sheet1!AA:AA""), 0)"),"https://www.kaggle.com/datasets/raddar/chest-xrays-indiana-university") -> https://www.kaggle.com/datasets/raddar/chest-xrays-indiana-university | J43: X‑ray
A44: head-ct-hemorrhage | B44: Head CT-hemorrhage | C44: Brain | D44: Head | E44: CT | F44: CT | G44: 200 | H44: 200 | I44: =IFERROR(__xludf.DUMMYFUNCTION("XLOOKUP(B44, IMPORTRANGE(""https://docs.google.com/spreadsheets/d/1UBtmuaUf7_Fv957LMBmn6lMadUM-z7scKS8El4i3Thk/edit?usp=sharing"", ""sheet1!J:J""), IMPORTRANGE(""https://docs.google.com/spreadsheets/d/1UBtmuaUf7_Fv957LMBmn6lMadUM-z7scKS8El4i3Thk/edit?usp="&"sharing"", ""sheet1!AA:AA""), 0)"),"https://www.kaggle.com/datasets/felipekitamura/head-ct-hemorrhage") -> https://www.kaggle.com/datasets/felipekitamura/head-ct-hemorrhage | J44: =IF(OR(F44="MRI", F44="Ultrasound", F44="Endoscopy", F44="Dermoscopy", F44="Fundus", F44="OCTA", F44="OCT"), F44, IF(OR(E44="Microscopy", E44="Histopathology", E44="Pathology", E44="CT", E44="PET", E44="X-Ray", E44="Mammography"), E44, "")) -> CT
A45: AV_groundTruth | B45: RITE | C45: Brain | D45: Eyes | E45: Fundus photography | F45: Fundus | G45: 1 | H45: 40 | I45: =IFERROR(__xludf.DUMMYFUNCTION("XLOOKUP(B45, IMPORTRANGE(""https://docs.google.com/spreadsheets/d/1UBtmuaUf7_Fv957LMBmn6lMadUM-z7scKS8El4i3Thk/edit?usp=sharing"", ""sheet1!J:J""), IMPORTRANGE(""https://docs.google.com/spreadsheets/d/1UBtmuaUf7_Fv957LMBmn6lMadUM-z7scKS8El4i3Thk/edit?usp="&"sharing"", ""sheet1!AA:AA""), 0)"),"https://medicine.uiowa.edu/eye/rite-dataset") -> https://medicine.uiowa.edu/eye/rite-dataset | J45: =IF(OR(F45="MRI", F45="Ultrasound", F45="Endoscopy", F45="Dermoscopy", F45="Fundus", F45="OCTA", F45="OCT"), F45, IF(OR(E45="Microscopy", E45="Histopathology", E45="Pathology", E45="CT", E45="PET", E45="X-Ray", E45="Mammography"), E45, "")) -> Fundus
A46: BEH (Bangladesh Eye Hospital) Dataset | B46: BEH (Bangladesh Eye Hospital) | C46: Brain | D46: Eyes | E46: Fundus photograph | F46: Fundus | G46: 9746 | H46: 9746 | I46: =IFERROR(__xludf.DUMMYFUNCTION("XLOOKUP(B46, IMPORTRANGE(""https://docs.google.com/spreadsheets/d/1UBtmuaUf7_Fv957LMBmn6lMadUM-z7scKS8El4i3Thk/edit?usp=sharing"", ""sheet1!J:J""), IMPORTRANGE(""https://docs.google.com/spreadsheets/d/1UBtmuaUf7_Fv957LMBmn6lMadUM-z7scKS8El4i3Thk/edit?usp="&"sharing"", ""sheet1!AA:AA""), 0)"),"https://github.com/mirtanvirislam/Deep-Learning-Based-Glaucoma-Detection-with-Cropped-Optic-Cup-and-Disc-and-Blood-Vessel-Segmentation") -> https://github.com/mirtanvirislam/Deep-Learning-Based-Glaucoma-Detection-with-Cropped-Optic-Cup-and-Disc-and-Blood-Vessel-Segmentation | J46: =IF(OR(F46="MRI", F46="Ultrasound", F46="Endoscopy", F46="Dermoscopy", F46="Fundus", F46="OCTA", F46="OCT"), F46, IF(OR(E46="Microscopy", E46="Histopathology", E46="Pathology", E46="CT", E46="PET", E46="X-Ray", E46="Mammography"), E46, "")) -> Fundus
A47: OpenEar | B47: OpenEar | C47: Brain | D47: Ears, Nose, Teeth, and Throat | E47: CBCT, Micro-slicing | F47: CT | G47: 5848586 | H47: 992 | I47: =IFERROR(__xludf.DUMMYFUNCTION("XLOOKUP(B47, IMPORTRANGE(""https://docs.google.com/spreadsheets/d/1UBtmuaUf7_Fv957LMBmn6lMadUM-z7scKS8El4i3Thk/edit?usp=sharing"", ""sheet1!J:J""), IMPORTRANGE(""https://docs.google.com/spreadsheets/d/1UBtmuaUf7_Fv957LMBmn6lMadUM-z7scKS8El4i3Thk/edit?usp="&"sharing"", ""sheet1!AA:AA""), 0)"),"https://zenodo.org/records/1473724") -> https://zenodo.org/records/1473724 | J47: CT
A48: Panoramic | B48: Panoramic radiography database | C48: Brain | D48: Ears, Nose, Teeth, and Throat | E48: Panoramic X-ray | F48: X-Ray | G48: 598 | H48: 598 | I48: =IFERROR(__xludf.DUMMYFUNCTION("XLOOKUP(B48, IMPORTRANGE(""https://docs.google.com/spreadsheets/d/1UBtmuaUf7_Fv957LMBmn6lMadUM-z7scKS8El4i3Thk/edit?usp=sharing"", ""sheet1!J:J""), IMPORTRANGE(""https://docs.google.com/spreadsheets/d/1UBtmuaUf7_Fv957LMBmn6lMadUM-z7scKS8El4i3Thk/edit?usp="&"sharing"", ""sheet1!AA:AA""), 0)"),"https://zenodo.org/records/4457648#.ZDAKbexByWA") -> https://zenodo.org/records/4457648#.ZDAKbexByWA | J48: X-ray
A49: aptos2019-blindness-detection | B49: APTOS 2019 | C49: Brain | D49: Eyes | E49: Fundus photograph | F49: Fundus | G49: 5590 | H49: 5590 | I49: =IFERROR(__xludf.DUMMYFUNCTION("XLOOKUP(B49, IMPORTRANGE(""https://docs.google.com/spreadsheets/d/1UBtmuaUf7_Fv957LMBmn6lMadUM-z7scKS8El4i3Thk/edit?usp=sharing"", ""sheet1!J:J""), IMPORTRANGE(""https://docs.google.com/spreadsheets/d/1UBtmuaUf7_Fv957LMBmn6lMadUM-z7scKS8El4i3Thk/edit?usp="&"sharing"", ""sheet1!AA:AA""), 0)"),"https://www.kaggle.com/c/aptos2019-blindness-detection/overview") -> https://www.kaggle.com/c/aptos2019-blindness-detection/overview | J49: =IF(OR(F49="MRI", F49="Ultrasound", F49="Endoscopy", F49="Dermoscopy", F49="Fundus", F49="OCTA", F49="OCT"), F49, IF(OR(E49="Microscopy", E49="Histopathology", E49="Pathology", E49="CT", E49="PET", E49="X-Ray", E49="Mammography"), E49, "")) -> Fundus
A50: DRAC | B50: DRAC 2022 | C50: Brain | D50: Eyes | E50: UW-OCTA | F50: OCTA | G50: 2274 | H50: 2274 | I50: =IFERROR(__xludf.DUMMYFUNCTION("XLOOKUP(B50, IMPORTRANGE(""https://docs.google.com/spreadsheets/d/1UBtmuaUf7_Fv957LMBmn6lMadUM-z7scKS8El4i3Thk/edit?usp=sharing"", ""sheet1!J:J""), IMPORTRANGE(""https://docs.google.com/spreadsheets/d/1UBtmuaUf7_Fv957LMBmn6lMadUM-z7scKS8El4i3Thk/edit?usp="&"sharing"", ""sheet1!AA:AA""), 0)"),"https://drac22.grand-challenge.org") -> https://drac22.grand-challenge.org | J50: =IF(OR(F50="MRI", F50="Ultrasound", F50="Endoscopy", F50="Dermoscopy", F50="Fundus", F50="OCTA", F50="OCT"), F50, IF(OR(E50="Microscopy", E50="Histopathology", E50="Pathology", E50="CT", E50="PET", E50="X-Ray", E50="Mammography"), E50, "")) -> OCTA
A51: diabetic-retinopathy-detection | B51: EyePACS Diabetic Retinopathy Detection | C51: Brain | D51: Eyes | E51: Fundus photograph | F51: Fundus | G51: 10 | H51: 10 | I51: =IFERROR(__xludf.DUMMYFUNCTION("XLOOKUP(B51, IMPORTRANGE(""https://docs.google.com/spreadsheets/d/1UBtmuaUf7_Fv957LMBmn6lMadUM-z7scKS8El4i3Thk/edit?usp=sharing"", ""sheet1!J:J""), IMPORTRANGE(""https://docs.google.com/spreadsheets/d/1UBtmuaUf7_Fv957LMBmn6lMadUM-z7scKS8El4i3Thk/edit?usp="&"sharing"", ""sheet1!AA:AA""), 0)"),"https://www.kaggle.com/c/diabetic-retinopathy-detection/overview") -> https://www.kaggle.com/c/diabetic-retinopathy-detection/overview | J51: =IF(OR(F51="MRI", F51="Ultrasound", F51="Endoscopy", F51="Dermoscopy", F51="Fundus", F51="OCTA", F51="OCT"), F51, IF(OR(E51="Microscopy", E51="Histopathology", E51="Pathology", E51="CT", E51="PET", E51="X-Ray", E51="Mammography"), E51, "")) -> Fundus
A52: FIRE | B52: FIRE | C52: Brain | D52: Eyes | E52: Fundus photograph | F52: Fundus | G52: 268 | H52: 268 | I52: =IFERROR(__xludf.DUMMYFUNCTION("XLOOKUP(B52, IMPORTRANGE(""https://docs.google.com/spreadsheets/d/1UBtmuaUf7_Fv957LMBmn6lMadUM-z7scKS8El4i3Thk/edit?usp=sharing"", ""sheet1!J:J""), IMPORTRANGE(""https://docs.google.com/spreadsheets/d/1UBtmuaUf7_Fv957LMBmn6lMadUM-z7scKS8El4i3Thk/edit?usp="&"sharing"", ""sheet1!AA:AA""), 0)"),"https://projects.ics.forth.gr/cvrl/fire") -> https://projects.ics.forth.gr/cvrl/fire | J52: =IF(OR(F52="MRI", F52="Ultrasound", F52="Endoscopy", F52="Dermoscopy", F52="Fundus", F52="OCTA", F52="OCT"), F52, IF(OR(E52="Microscopy", E52="Histopathology", E52="Pathology", E52="CT", E52="PET", E52="X-Ray", E52="Mammography"), E52, "")) -> Fundus
A53: SLIVER07 | B53: SLIVER07 | C53: Abdomen | D53: Abdomen | E53: CT | F53: CT | G53: 18583 | I53: =IFERROR(__xludf.DUMMYFUNCTION("XLOOKUP(B53, IMPORTRANGE(""https://docs.google.com/spreadsheets/d/1UBtmuaUf7_Fv957LMBmn6lMadUM-z7scKS8El4i3Thk/edit?usp=sharing"", ""sheet1!J:J""), IMPORTRANGE(""https://docs.google.com/spreadsheets/d/1UBtmuaUf7_Fv957LMBmn6lMadUM-z7scKS8El4i3Thk/edit?usp="&"sharing"", ""sheet1!AA:AA""), 0)"),"https://sliver07.grand-challenge.org/") -> https://sliver07.grand-challenge.org/ | J53: =IF(OR(F53="MRI", F53="Ultrasound", F53="Endoscopy", F53="Dermoscopy", F53="Fundus", F53="OCTA", F53="OCT"), F53, IF(OR(E53="Microscopy", E53="Histopathology", E53="Pathology", E53="CT", E53="PET", E53="X-Ray", E53="Mammography"), E53, "")) -> CT
A54: 3Dircadb1 | B54: 3D-IRCADB | C54: Abdomen | D54: Abdomen | E54: CT | F54: CT | G54: 20 | H54: 20 | I54: =IFERROR(__xludf.DUMMYFUNCTION("XLOOKUP(B54, IMPORTRANGE(""https://docs.google.com/spreadsheets/d/1UBtmuaUf7_Fv957LMBmn6lMadUM-z7scKS8El4i3Thk/edit?usp=sharing"", ""sheet1!J:J""), IMPORTRANGE(""https://docs.google.com/spreadsheets/d/1UBtmuaUf7_Fv957LMBmn6lMadUM-z7scKS8El4i3Thk/edit?usp="&"sharing"", ""sheet1!AA:AA""), 0)"),"https://www.ircad.fr/research/data-sets/liver-segmentation-3d-ircadb-01/") -> https://www.ircad.fr/research/data-sets/liver-segmentation-3d-ircadb-01/ | J54: =IF(OR(F54="MRI", F54="Ultrasound", F54="Endoscopy", F54="Dermoscopy", F54="Fundus", F54="OCTA", F54="OCT"), F54, IF(OR(E54="Microscopy", E54="Histopathology", E54="Pathology", E54="CT", E54="PET", E54="X-Ray", E54="Mammography"), E54, "")) -> CT
A55: PROMISE12 | B55: PROMISE12 | C55: Abdomen | D55: Abdomen | E55: MRI | F55: MRI | G55: 41615 | H55: 50 | I55: =IFERROR(__xludf.DUMMYFUNCTION("XLOOKUP(B55, IMPORTRANGE(""https://docs.google.com/spreadsheets/d/1UBtmuaUf7_Fv957LMBmn6lMadUM-z7scKS8El4i3Thk/edit?usp=sharing"", ""sheet1!J:J""), IMPORTRANGE(""https://docs.google.com/spreadsheets/d/1UBtmuaUf7_Fv957LMBmn6lMadUM-z7scKS8El4i3Thk/edit?usp="&"sharing"", ""sheet1!AA:AA""), 0)"),"https://promise12.grand-challenge.org/") -> https://promise12.grand-challenge.org/ | J55: =IF(OR(F55="MRI", F55="Ultrasound", F55="Endoscopy", F55="Dermoscopy", F55="Fundus", F55="OCTA", F55="OCT"), F55, IF(OR(E55="Microscopy", E55="Histopathology", E55="Pathology", E55="CT", E55="PET", E55="X-Ray", E55="Mammography"), E55, "")) -> MRI
A56: FLARE2021 | B56: FLARE 2021 | C56: Abdomen | D56: Abdomen | E56: CT | F56: CT | G56: 327087 | H56: 511 | I56: =IFERROR(__xludf.DUMMYFUNCTION("XLOOKUP(B56, IMPORTRANGE(""https://docs.google.com/spreadsheets/d/1UBtmuaUf7_Fv957LMBmn6lMadUM-z7scKS8El4i3Thk/edit?usp=sharing"", ""sheet1!J:J""), IMPORTRANGE(""https://docs.google.com/spreadsheets/d/1UBtmuaUf7_Fv957LMBmn6lMadUM-z7scKS8El4i3Thk/edit?usp="&"sharing"", ""sheet1!AA:AA""), 0)"),"https://flare.grand-challenge.org/") -> https://flare.grand-challenge.org/ | J56: =IF(OR(F56="MRI", F56="Ultrasound", F56="Endoscopy", F56="Dermoscopy", F56="Fundus", F56="OCTA", F56="OCT"), F56, IF(OR(E56="Microscopy", E56="Histopathology", E56="Pathology", E56="CT", E56="PET", E56="X-Ray", E56="Mammography"), E56, "")) -> CT
A57: atlas-train-dataset-1.0.1 | B57: ATLAS (MICCAI2023) | C57: Abdomen | D57: Abdomen | E57: Ce-mri | F57: MRI | G57: 30999 | H57: 90 | I57: =IFERROR(__xludf.DUMMYFUNCTION("XLOOKUP(B57, IMPORTRANGE(""https://docs.google.com/spreadsheets/d/1UBtmuaUf7_Fv957LMBmn6lMadUM-z7scKS8El4i3Thk/edit?usp=sharing"", ""sheet1!J:J""), IMPORTRANGE(""https://docs.google.com/spreadsheets/d/1UBtmuaUf7_Fv957LMBmn6lMadUM-z7scKS8El4i3Thk/edit?usp="&"sharing"", ""sheet1!AA:AA""), 0)"),"https://atlas-challenge.u-bourgogne.fr/") -> https://atlas-challenge.u-bourgogne.fr/ | J57: =IF(OR(F57="MRI", F57="Ultrasound", F57="Endoscopy", F57="Dermoscopy", F57="Fundus", F57="OCTA", F57="OCT"), F57, IF(OR(E57="Microscopy", E57="Histopathology", E57="Pathology", E57="CT", E57="PET", E57="X-Ray", E57="Mammography"), E57, "")) -> MRI
A58: BM-BronchoLC | B58: BM-BronchoLC | C58: Abdomen | D58: Chest and abdomen | E58: Bronchoscopy | F58: Endoscopy | G58: 2605 | H58: 2605 | I58: =IFERROR(__xludf.DUMMYFUNCTION("XLOOKUP(B58, IMPORTRANGE(""https://docs.google.com/spreadsheets/d/1UBtmuaUf7_Fv957LMBmn6lMadUM-z7scKS8El4i3Thk/edit?usp=sharing"", ""sheet1!J:J""), IMPORTRANGE(""https://docs.google.com/spreadsheets/d/1UBtmuaUf7_Fv957LMBmn6lMadUM-z7scKS8El4i3Thk/edit?usp="&"sharing"", ""sheet1!AA:AA""), 0)"),"https://figshare.com/articles/dataset/BM-BronchoLC/24243670") -> https://figshare.com/articles/dataset/BM-BronchoLC/24243670 | J58: =IF(OR(F58="MRI", F58="Ultrasound", F58="Endoscopy", F58="Dermoscopy", F58="Fundus", F58="OCTA", F58="OCT"), F58, IF(OR(E58="Microscopy", E58="Histopathology", E58="Pathology", E58="CT", E58="PET", E58="X-Ray", E58="Mammography"), E58, "")) -> Endoscopy
A59: ACOUSLIC | B59: MICCAI-24 ACOUSLIC | C59: Abdomen | D59: Abdomen | E59: Ultrasound | F59: Ultrasound | G59: 301204 | H59: 600 | I59: =IFERROR(__xludf.DUMMYFUNCTION("XLOOKUP(B59, IMPORTRANGE(""https://docs.google.com/spreadsheets/d/1UBtmuaUf7_Fv957LMBmn6lMadUM-z7scKS8El4i3Thk/edit?usp=sharing"", ""sheet1!J:J""), IMPORTRANGE(""https://docs.google.com/spreadsheets/d/1UBtmuaUf7_Fv957LMBmn6lMadUM-z7scKS8El4i3Thk/edit?usp="&"sharing"", ""sheet1!AA:AA""), 0)"),"https://acouslic-ai.grand-challenge.org/overview-and-goals/") -> https://acouslic-ai.grand-challenge.org/overview-and-goals/ | J59: =IF(OR(F59="MRI", F59="Ultrasound", F59="Endoscopy", F59="Dermoscopy", F59="Fundus", F59="OCTA", F59="OCT"), F59, IF(OR(E59="Microscopy", E59="Histopathology", E59="Pathology", E59="CT", E59="PET", E59="X-Ray", E59="Mammography"), E59, "")) -> Ultrasound
A60: PENGWIN | B60: MICCAI 2024 PENGWIN Task1 | C60: Abdomen | D60: Abdomen | E60: CT | F60: CT | G60: 90857 | H60: 100 | I60: =IFERROR(__xludf.DUMMYFUNCTION("XLOOKUP(B60, IMPORTRANGE(""https://docs.google.com/spreadsheets/d/1UBtmuaUf7_Fv957LMBmn6lMadUM-z7scKS8El4i3Thk/edit?usp=sharing"", ""sheet1!J:J""), IMPORTRANGE(""https://docs.google.com/spreadsheets/d/1UBtmuaUf7_Fv957LMBmn6lMadUM-z7scKS8El4i3Thk/edit?usp="&"sharing"", ""sheet1!AA:AA""), 0)"),"https://pengwin.grand-challenge.org/pengwin/") -> https://pengwin.grand-challenge.org/pengwin/ | J60: =IF(OR(F60="MRI", F60="Ultrasound", F60="Endoscopy", F60="Dermoscopy", F60="Fundus", F60="OCTA", F60="OCT"), F60, IF(OR(E60="Microscopy", E60="Histopathology", E60="Pathology", E60="CT", E60="PET", E60="X-Ray", E60="Mammography"), E60, "")) -> CT
A61: intel-mobileodt-cervical-cancer-screening | B61: Intel & MobileODT Cervical Cancer Screening | C61: Abdomen | D61: Abdomen | E61: Hysteroscopy | F61: Endoscopy | G61: 8724 | H61: 8724 | I61: =IFERROR(__xludf.DUMMYFUNCTION("XLOOKUP(B61, IMPORTRANGE(""https://docs.google.com/spreadsheets/d/1UBtmuaUf7_Fv957LMBmn6lMadUM-z7scKS8El4i3Thk/edit?usp=sharing"", ""sheet1!J:J""), IMPORTRANGE(""https://docs.google.com/spreadsheets/d/1UBtmuaUf7_Fv957LMBmn6lMadUM-z7scKS8El4i3Thk/edit?usp="&"sharing"", ""sheet1!AA:AA""), 0)"),"https://kaggle.com/competitions/intel-mobileodt-cervical-cancer-screening") -> https://kaggle.com/competitions/intel-mobileodt-cervical-cancer-screening | J61: =IF(OR(F61="MRI", F61="Ultrasound", F61="Endoscopy", F61="Dermoscopy", F61="Fundus", F61="OCTA", F61="OCT"), F61, IF(OR(E61="Microscopy", E61="Histopathology", E61="Pathology", E61="CT", E61="PET", E61="X-Ray", E61="Mammography"), E61, "")) -> Endoscopy
A62: nerthus | B62: The Nerthus Dataset | C62: Abdomen | D62: Intestine | E62: Endoscopy | F62: Endoscopy | G62: 5525 | H62: 5525 | I62: =IFERROR(__xludf.DUMMYFUNCTION("XLOOKUP(B62, IMPORTRANGE(""https://docs.google.com/spreadsheets/d/1UBtmuaUf7_Fv957LMBmn6lMadUM-z7scKS8El4i3Thk/edit?usp=sharing"", ""sheet1!J:J""), IMPORTRANGE(""https://docs.google.com/spreadsheets/d/1UBtmuaUf7_Fv957LMBmn6lMadUM-z7scKS8El4i3Thk/edit?usp="&"sharing"", ""sheet1!AA:AA""), 0)"),"https://datasets.simula.no/nerthus/") -> https://datasets.simula.no/nerthus/ | J62: =IF(OR(F62="MRI", F62="Ultrasound", F62="Endoscopy", F62="Dermoscopy", F62="Fundus", F62="OCTA", F62="OCT"), F62, IF(OR(E62="Microscopy", E62="Histopathology", E62="Pathology", E62="CT", E62="PET", E62="X-Ray", E62="Mammography"), E62, "")) -> Endoscopy
A63: EAD2019 | B63: EAD 2019 | C63: Abdomen | D63: Abdomen | E63: Endoscopy | F63: Endoscopy | G63: 2511 | H63: 2511 | I63: =IFERROR(__xludf.DUMMYFUNCTION("XLOOKUP(B63, IMPORTRANGE(""https://docs.google.com/spreadsheets/d/1UBtmuaUf7_Fv957LMBmn6lMadUM-z7scKS8El4i3Thk/edit?usp=sharing"", ""sheet1!J:J""), IMPORTRANGE(""https://docs.google.com/spreadsheets/d/1UBtmuaUf7_Fv957LMBmn6lMadUM-z7scKS8El4i3Thk/edit?usp="&"sharing"", ""sheet1!AA:AA""), 0)"),"https://ead2019.grand-challenge.org/EAD2019/") -> https://ead2019.grand-challenge.org/EAD2019/ | J63: =IF(OR(F63="MRI", F63="Ultrasound", F63="Endoscopy", F63="Dermoscopy", F63="Fundus", F63="OCTA", F63="OCT"), F63, IF(OR(E63="Microscopy", E63="Histopathology", E63="Pathology", E63="CT", E63="PET", E63="X-Ray", E63="Mammography"), E63, "")) -> Endoscopy
A64: CP-CHILD | B64: CP-CHILD | C64: Abdomen | D64: Pelvic | E64: Endoscopy | F64: Endoscopy | G64: 9500 | H64: 9500 | I64: https://www.kaggle.com/datasets/mahdieh002/colonoscopy-cp-child?resource=download | J64: =IF(OR(F64="MRI", F64="Ultrasound", F64="Endoscopy", F64="Dermoscopy", F64="Fundus", F64="OCTA", F64="OCT"), F64, IF(OR(E64="Microscopy", E64="Histopathology", E64="Pathology", E64="CT", E64="PET", E64="X-Ray", E64="Mammography"), E64, "")) -> Endoscopy
A65: CholecSeg8k | B65: CholecSeg8k | C65: Abdomen | D65: Abdomen | E65: Endoscopy | F65: Endoscopy | G65: 32320 | H65: 32320 | I65: =IFERROR(__xludf.DUMMYFUNCTION("XLOOKUP(B65, IMPORTRANGE(""https://docs.google.com/spreadsheets/d/1UBtmuaUf7_Fv957LMBmn6lMadUM-z7scKS8El4i3Thk/edit?usp=sharing"", ""sheet1!J:J""), IMPORTRANGE(""https://docs.google.com/spreadsheets/d/1UBtmuaUf7_Fv957LMBmn6lMadUM-z7scKS8El4i3Thk/edit?usp="&"sharing"", ""sheet1!AA:AA""), 0)"),"https://www.kaggle.com/datasets/newslab/cholecseg8k") -> https://www.kaggle.com/datasets/newslab/cholecseg8k | J65: =IF(OR(F65="MRI", F65="Ultrasound", F65="Endoscopy", F65="Dermoscopy", F65="Fundus", F65="OCTA", F65="OCT"), F65, IF(OR(E65="Microscopy", E65="Histopathology", E65="Pathology", E65="CT", E65="PET", E65="X-Ray", E65="Mammography"), E65, "")) -> Endoscopy
A66: SERV-CT | B66: SERV-CT | C66: Abdomen | D66: Abdominal cavity | E66: Endoscopy | F66: Endoscopy | G66: 429 | H66: 429 | I66: =IFERROR(__xludf.DUMMYFUNCTION("XLOOKUP(B66, IMPORTRANGE(""https://docs.google.com/spreadsheets/d/1UBtmuaUf7_Fv957LMBmn6lMadUM-z7scKS8El4i3Thk/edit?usp=sharing"", ""sheet1!J:J""), IMPORTRANGE(""https://docs.google.com/spreadsheets/d/1UBtmuaUf7_Fv957LMBmn6lMadUM-z7scKS8El4i3Thk/edit?usp="&"sharing"", ""sheet1!AA:AA""), 0)"),"https://www.ucl.ac.uk/interventional-surgical-sciences/weiss-open-research/weiss-open-data-server/serv-ct") -> https://www.ucl.ac.uk/interventional-surgical-sciences/weiss-open-research/weiss-open-data-server/serv-ct | J66: =IF(OR(F66="MRI", F66="Ultrasound", F66="Endoscopy", F66="Dermoscopy", F66="Fundus", F66="OCTA", F66="OCT"), F66, IF(OR(E66="Microscopy", E66="Histopathology", E66="Pathology", E66="CT", E66="PET", E66="X-Ray", E66="Mammography"), E66, "")) -> Endoscopy
A67: Collection_of_textures_in_colorectal_cancer_histology | B67: Collection of textures in colorectal cancer histology | C67: Abdomen | D67: Bowel | E67: Histopathology | F67: Microscopy | G67: 4998 | H67: 5010 | I67: =IFERROR(__xludf.DUMMYFUNCTION("XLOOKUP(B67, IMPORTRANGE(""https://docs.google.com/spreadsheets/d/1UBtmuaUf7_Fv957LMBmn6lMadUM-z7scKS8El4i3Thk/edit?usp=sharing"", ""sheet1!J:J""), IMPORTRANGE(""https://docs.google.com/spreadsheets/d/1UBtmuaUf7_Fv957LMBmn6lMadUM-z7scKS8El4i3Thk/edit?usp="&"sharing"", ""sheet1!AA:AA""), 0)"),"https://zenodo.org/records/53169#.W6HwwP4zbOQ") -> https://zenodo.org/records/53169#.W6HwwP4zbOQ | J67: =IF(OR(F67="MRI", F67="Ultrasound", F67="Endoscopy", F67="Dermoscopy", F67="Fundus", F67="OCTA", F67="OCT"), F67, IF(OR(E67="Microscopy", E67="Histopathology", E67="Pathology", E67="CT", E67="PET", E67="X-Ray", E67="Mammography"), E67, "")) -> Histopathology
A68: CVC-ColonDB | B68: CVC colon DB | C68: Abdomen | D68: Bowel | E68: Colonoscopy images | F68: Endoscopy | G68: 379 | H68: 379 | I68: =IFERROR(__xludf.DUMMYFUNCTION("XLOOKUP(B68, IMPORTRANGE(""https://docs.google.com/spreadsheets/d/1UBtmuaUf7_Fv957LMBmn6lMadUM-z7scKS8El4i3Thk/edit?usp=sharing"", ""sheet1!J:J""), IMPORTRANGE(""https://docs.google.com/spreadsheets/d/1UBtmuaUf7_Fv957LMBmn6lMadUM-z7scKS8El4i3Thk/edit?usp="&"sharing"", ""sheet1!AA:AA""), 0)"),"http://vi.cvc.uab.es/colon-qa/cvccolondb") -> http://vi.cvc.uab.es/colon-qa/cvccolondb | J68: =IF(OR(F68="MRI", F68="Ultrasound", F68="Endoscopy", F68="Dermoscopy", F68="Fundus", F68="OCTA", F68="OCT"), F68, IF(OR(E68="Microscopy", E68="Histopathology", E68="Pathology", E68="CT", E68="PET", E68="X-Ray", E68="Mammography"), E68, "")) -> Endoscopy
A69: EndoCV2020-Endoscopy-Disease-Detection-Segmentation-subChallenge_data | B69: EDD2020 | C69: Abdomen | D69: Bowel | E69: Endoscopy | F69: Endoscopy | G69: 386 | H69: 386 | I69: =IFERROR(__xludf.DUMMYFUNCTION("XLOOKUP(B69, IMPORTRANGE(""https://docs.google.com/spreadsheets/d/1UBtmuaUf7_Fv957LMBmn6lMadUM-z7scKS8El4i3Thk/edit?usp=sharing"", ""sheet1!J:J""), IMPORTRANGE(""https://docs.google.com/spreadsheets/d/1UBtmuaUf7_Fv957LMBmn6lMadUM-z7scKS8El4i3Thk/edit?usp="&"sharing"", ""sheet1!AA:AA""), 0)"),"https://ieee-dataport.org/competitions/endoscopy-disease-detection-and-segmentation-edd2020") -> https://ieee-dataport.org/competitions/endoscopy-disease-detection-and-segmentation-edd2020 | J69: =IF(OR(F69="MRI", F69="Ultrasound", F69="Endoscopy", F69="Dermoscopy", F69="Fundus", F69="OCTA", F69="OCT"), F69, IF(OR(E69="Microscopy", E69="Histopathology", E69="Pathology", E69="CT", E69="PET", E69="X-Ray", E69="Mammography"), E69, "")) -> Endoscopy
A70: PolypGen2021_MultiCenterData_v3 | B70: PolypGen | C70: Abdomen | D70: Bowel | E70: Endoscopy | F70: Endoscopy | G70: 18620 | H70: 8037 | I70: =IFERROR(__xludf.DUMMYFUNCTION("XLOOKUP(B70, IMPORTRANGE(""https://docs.google.com/spreadsheets/d/1UBtmuaUf7_Fv957LMBmn6lMadUM-z7scKS8El4i3Thk/edit?usp=sharing"", ""sheet1!J:J""), IMPORTRANGE(""https://docs.google.com/spreadsheets/d/1UBtmuaUf7_Fv957LMBmn6lMadUM-z7scKS8El4i3Thk/edit?usp="&"sharing"", ""sheet1!AA:AA""), 0)"),"https://www.synapse.org/Synapse:syn26376615/wiki/613312") -> https://www.synapse.org/Synapse:syn26376615/wiki/613312 | J70: =IF(OR(F70="MRI", F70="Ultrasound", F70="Endoscopy", F70="Dermoscopy", F70="Fundus", F70="OCTA", F70="OCT"), F70, IF(OR(E70="Microscopy", E70="Histopathology", E70="Pathology", E70="CT", E70="PET", E70="X-Ray", E70="Mammography"), E70, "")) -> Endoscopy
A71: TCGA-COAD | B71: TCGA-COAD | C71: Abdomen | D71: Bowel | E71: CT | F71: CT | G71: 8387 | H71: 8387 | I71: =IFERROR(__xludf.DUMMYFUNCTION("XLOOKUP(B71, IMPORTRANGE(""https://docs.google.com/spreadsheets/d/1UBtmuaUf7_Fv957LMBmn6lMadUM-z7scKS8El4i3Thk/edit?usp=sharing"", ""sheet1!J:J""), IMPORTRANGE(""https://docs.google.com/spreadsheets/d/1UBtmuaUf7_Fv957LMBmn6lMadUM-z7scKS8El4i3Thk/edit?usp="&"sharing"", ""sheet1!AA:AA""), 0)"),"https://www.cancerimagingarchive.net/collection/tcga-coad") -> https://www.cancerimagingarchive.net/collection/tcga-coad | J71: =IF(OR(F71="MRI", F71="Ultrasound", F71="Endoscopy", F71="Dermoscopy", F71="Fundus", F71="OCTA", F71="OCT"), F71, IF(OR(E71="Microscopy", E71="Histopathology", E71="Pathology", E71="CT", E71="PET", E71="X-Ray", E71="Mammography"), E71, "")) -> CT
A72: hubmap-kidney-segmentation | B72: HuBMAP - Hacking the Kidney | C72: Abdomen | D72: Kidneys and Urinary Tract | E72: Histopathology (WSI) | F72: Microscopy | G72: 1 | H72: 20 | I72: =IFERROR(__xludf.DUMMYFUNCTION("XLOOKUP(B72, IMPORTRANGE(""https://docs.google.com/spreadsheets/d/1UBtmuaUf7_Fv957LMBmn6lMadUM-z7scKS8El4i3Thk/edit?usp=sharing"", ""sheet1!J:J""), IMPORTRANGE(""https://docs.google.com/spreadsheets/d/1UBtmuaUf7_Fv957LMBmn6lMadUM-z7scKS8El4i3Thk/edit?usp="&"sharing"", ""sheet1!AA:AA""), 0)"),"https://www.kaggle.com/competitions/hubmap-kidney-segmentation") -> https://www.kaggle.com/competitions/hubmap-kidney-segmentation | J72: Histopathology
A73: Urinary tract infections | B73: Urinary tract infections | C73: Abdomen | D73: Kidneys and Urinary Tract | E73: Microscopy | F73: Microscopy | G73: 595 | H73: 300 | I73: =IFERROR(__xludf.DUMMYFUNCTION("XLOOKUP(B73, IMPORTRANGE(""https://docs.google.com/spreadsheets/d/1UBtmuaUf7_Fv957LMBmn6lMadUM-z7scKS8El4i3Thk/edit?usp=sharing"", ""sheet1!J:J""), IMPORTRANGE(""https://docs.google.com/spreadsheets/d/1UBtmuaUf7_Fv957LMBmn6lMadUM-z7scKS8El4i3Thk/edit?usp="&"sharing"", ""sheet1!AA:AA""), 0)"),"https://rodare.hzdr.de/record/2473") -> https://rodare.hzdr.de/record/2473 | J73: =IF(OR(F73="MRI", F73="Ultrasound", F73="Endoscopy", F73="Dermoscopy", F73="Fundus", F73="OCTA", F73="OCT"), F73, IF(OR(E73="Microscopy", E73="Histopathology", E73="Pathology", E73="CT", E73="PET", E73="X-Ray", E73="Mammography"), E73, "")) -> Microscopy
A74: 14371652 | B74: HC18 | C74: Abdomen | D74: Female Reproductive Organs | E74: Ultrasound | F74: Ultrasound | G74: 6224 | H74: 1334 | I74: =IFERROR(__xludf.DUMMYFUNCTION("XLOOKUP(B74, IMPORTRANGE(""https://docs.google.com/spreadsheets/d/1UBtmuaUf7_Fv957LMBmn6lMadUM-z7scKS8El4i3Thk/edit?usp=sharing"", ""sheet1!J:J""), IMPORTRANGE(""https://docs.google.com/spreadsheets/d/1UBtmuaUf7_Fv957LMBmn6lMadUM-z7scKS8El4i3Thk/edit?usp="&"sharing"", ""sheet1!AA:AA""), 0)"),"https://hc18.grand-challenge.org") -> https://hc18.grand-challenge.org | J74: =IF(OR(F74="MRI", F74="Ultrasound", F74="Endoscopy", F74="Dermoscopy", F74="Fundus", F74="OCTA", F74="OCT"), F74, IF(OR(E74="Microscopy", E74="Histopathology", E74="Pathology", E74="CT", E74="PET", E74="X-Ray", E74="Mammography"), E74, "")) -> Ultrasound
A75: iugc-ultrasound-video-dataset-miccai-2024 | B75: IUGC | C75: Abdomen | D75: Female Reproductive Organs | E75: Ultrasound | F75: Ultrasound | G75: 33332 | H75: 33332 | I75: =IFERROR(__xludf.DUMMYFUNCTION("XLOOKUP(B75, IMPORTRANGE(""https://docs.google.com/spreadsheets/d/1UBtmuaUf7_Fv957LMBmn6lMadUM-z7scKS8El4i3Thk/edit?usp=sharing"", ""sheet1!J:J""), IMPORTRANGE(""https://docs.google.com/spreadsheets/d/1UBtmuaUf7_Fv957LMBmn6lMadUM-z7scKS8El4i3Thk/edit?usp="&"sharing"", ""sheet1!AA:AA""), 0)"),"https://codalab.lisn.upsaclay.fr/competitions/18413") -> https://codalab.lisn.upsaclay.fr/competitions/18413 | J75: =IF(OR(F75="MRI", F75="Ultrasound", F75="Endoscopy", F75="Dermoscopy", F75="Fundus", F75="OCTA", F75="OCT"), F75, IF(OR(E75="Microscopy", E75="Histopathology", E75="Pathology", E75="CT", E75="PET", E75="X-Ray", E75="Mammography"), E75, "")) -> Ultrasound
A76: cervical-cancer-largest-dataset-sipakmed | B76: SIPaKMeD | C76: Abdomen | D76: Female Reproductive Organs | E76: Microscopy | F76: Microscopy | G76: 5015 | H76: 5015 | I76: =IFERROR(__xludf.DUMMYFUNCTION("XLOOKUP(B76, IMPORTRANGE(""https://docs.google.com/spreadsheets/d/1UBtmuaUf7_Fv957LMBmn6lMadUM-z7scKS8El4i3Thk/edit?usp=sharing"", ""sheet1!J:J""), IMPORTRANGE(""https://docs.google.com/spreadsheets/d/1UBtmuaUf7_Fv957LMBmn6lMadUM-z7scKS8El4i3Thk/edit?usp="&"sharing"", ""sheet1!AA:AA""), 0)"),"https://www.cs.uoi.gr/~marina/sipakmed.html") -> https://www.cs.uoi.gr/~marina/sipakmed.html | J76: =IF(OR(F76="MRI", F76="Ultrasound", F76="Endoscopy", F76="Dermoscopy", F76="Fundus", F76="OCTA", F76="OCT"), F76, IF(OR(E76="Microscopy", E76="Histopathology", E76="Pathology", E76="CT", E76="PET", E76="X-Ray", E76="Mammography"), E76, "")) -> Microscopy
A77: Processed_data_nii | B77: Multi-site Dataset for Prostate MRI Segmentation | C77: Abdomen | D77: Male Reproductive Organs | E77: MRI (T2-weighted) | F77: MRI | G77: 51394 | H77: 6 | I77: =IFERROR(__xludf.DUMMYFUNCTION("XLOOKUP(B77, IMPORTRANGE(""https://docs.google.com/spreadsheets/d/1UBtmuaUf7_Fv957LMBmn6lMadUM-z7scKS8El4i3Thk/edit?usp=sharing"", ""sheet1!J:J""), IMPORTRANGE(""https://docs.google.com/spreadsheets/d/1UBtmuaUf7_Fv957LMBmn6lMadUM-z7scKS8El4i3Thk/edit?usp="&"sharing"", ""sheet1!AA:AA""), 0)"),"https://liuquande.github.io/SAML") -> https://liuquande.github.io/SAML | J77: =IF(OR(F77="MRI", F77="Ultrasound", F77="Endoscopy", F77="Dermoscopy", F77="Fundus", F77="OCTA", F77="OCT"), F77, IF(OR(E77="Microscopy", E77="Histopathology", E77="Pathology", E77="CT", E77="PET", E77="X-Ray", E77="Mammography"), E77, "")) -> MRI
A78: complete_mednode_dataset | B78: MED-NODE | C78: Skin | D78: Skin | E78: Dermoscopic | F78: Dermoscopy | G78: 170 | H78: 170 | I78: =IFERROR(__xludf.DUMMYFUNCTION("XLOOKUP(B78, IMPORTRANGE(""https://docs.google.com/spreadsheets/d/1UBtmuaUf7_Fv957LMBmn6lMadUM-z7scKS8El4i3Thk/edit?usp=sharing"", ""sheet1!J:J""), IMPORTRANGE(""https://docs.google.com/spreadsheets/d/1UBtmuaUf7_Fv957LMBmn6lMadUM-z7scKS8El4i3Thk/edit?usp="&"sharing"", ""sheet1!AA:AA""), 0)"),"https://www.cs.rug.nl/~imaging/databases/melanoma_naevi/") -> https://www.cs.rug.nl/~imaging/databases/melanoma_naevi/ | J78: =IF(OR(F78="MRI", F78="Ultrasound", F78="Endoscopy", F78="Dermoscopy", F78="Fundus", F78="OCTA", F78="OCT"), F78, IF(OR(E78="Microscopy", E78="Histopathology", E78="Pathology", E78="CT", E78="PET", E78="X-Ray", E78="Mammography"), E78, "")) -> Dermoscopy
A79: ISIC-2017_Training_Data | B79: ISIC 2017 | C79: Skin | D79: Melanoma | E79: Dermoscopic | F79: Dermoscopy | G79: 2000 | H79: 2000 | I79: =IFERROR(__xludf.DUMMYFUNCTION("XLOOKUP(B79, IMPORTRANGE(""https://docs.google.com/spreadsheets/d/1UBtmuaUf7_Fv957LMBmn6lMadUM-z7scKS8El4i3Thk/edit?usp=sharing"", ""sheet1!J:J""), IMPORTRANGE(""https://docs.google.com/spreadsheets/d/1UBtmuaUf7_Fv957LMBmn6lMadUM-z7scKS8El4i3Thk/edit?usp="&"sharing"", ""sheet1!AA:AA""), 0)"),"https://challenge.isic-archive.com/data/#2017") -> https://challenge.isic-archive.com/data/#2017 | J79: =IF(OR(F79="MRI", F79="Ultrasound", F79="Endoscopy", F79="Dermoscopy", F79="Fundus", F79="OCTA", F79="OCT"), F79, IF(OR(E79="Microscopy", E79="Histopathology", E79="Pathology", E79="CT", E79="PET", E79="X-Ray", E79="Mammography"), E79, "")) -> Dermoscopy
A80: ISIC_2020_Training_Dicom | B80: ISIC 2020 | C80: Skin | D80: Melanoma | E80: Dermoscopic | F80: Dermoscopy | G80: 4485904 | H80: 33126 | I80: =IFERROR(__xludf.DUMMYFUNCTION("XLOOKUP(B80, IMPORTRANGE(""https://docs.google.com/spreadsheets/d/1UBtmuaUf7_Fv957LMBmn6lMadUM-z7scKS8El4i3Thk/edit?usp=sharing"", ""sheet1!J:J""), IMPORTRANGE(""https://docs.google.com/spreadsheets/d/1UBtmuaUf7_Fv957LMBmn6lMadUM-z7scKS8El4i3Thk/edit?usp="&"sharing"", ""sheet1!AA:AA""), 0)"),"https://challenge2020.isic-archive.com/") -> https://challenge2020.isic-archive.com/ | J80: =IF(OR(F80="MRI", F80="Ultrasound", F80="Endoscopy", F80="Dermoscopy", F80="Fundus", F80="OCTA", F80="OCT"), F80, IF(OR(E80="Microscopy", E80="Histopathology", E80="Pathology", E80="CT", E80="PET", E80="X-Ray", E80="Mammography"), E80, "")) -> Dermoscopy
A81: fitzpatrick17k | B81: Fitzpatrick 17k | C81: Skin | D81: Skin | E81: Dermoscopy | F81: Dermoscopy | G81: 16577 | H81: 16577 | I81: =IFERROR(__xludf.DUMMYFUNCTION("XLOOKUP(B81, IMPORTRANGE(""https://docs.google.com/spreadsheets/d/1UBtmuaUf7_Fv957LMBmn6lMadUM-z7scKS8El4i3Thk/edit?usp=sharing"", ""sheet1!J:J""), IMPORTRANGE(""https://docs.google.com/spreadsheets/d/1UBtmuaUf7_Fv957LMBmn6lMadUM-z7scKS8El4i3Thk/edit?usp="&"sharing"", ""sheet1!AA:AA""), 0)"),"https://github.com/mattgroh/fitzpatrick17k") -> https://github.com/mattgroh/fitzpatrick17k | J81: =IF(OR(F81="MRI", F81="Ultrasound", F81="Endoscopy", F81="Dermoscopy", F81="Fundus", F81="OCTA", F81="OCT"), F81, IF(OR(E81="Microscopy", E81="Histopathology", E81="Pathology", E81="CT", E81="PET", E81="X-Ray", E81="Mammography"), E81, "")) -> Dermoscopy
A82: SkinCancer | B82: SkinCancer | C82: Skin | D82: Skin | E82: Pathology | F82: Microscopy | G82: 129369 | H82: 129369 | I82: =IFERROR(__xludf.DUMMYFUNCTION("XLOOKUP(B82, IMPORTRANGE(""https://docs.google.com/spreadsheets/d/1UBtmuaUf7_Fv957LMBmn6lMadUM-z7scKS8El4i3Thk/edit?usp=sharing"", ""sheet1!J:J""), IMPORTRANGE(""https://docs.google.com/spreadsheets/d/1UBtmuaUf7_Fv957LMBmn6lMadUM-z7scKS8El4i3Thk/edit?usp="&"sharing"", ""sheet1!AA:AA""), 0)"),"https://heidata.uni-heidelberg.de/dataset.xhtml?persistentId=doi:10.11588/data/7QCR8S") -> https://heidata.uni-heidelberg.de/dataset.xhtml?persistentId=doi:10.11588/data/7QCR8S | J82: =IF(OR(F82="MRI", F82="Ultrasound", F82="Endoscopy", F82="Dermoscopy", F82="Fundus", F82="OCTA", F82="OCT"), F82, IF(OR(E82="Microscopy", E82="Histopathology", E82="Pathology", E82="CT", E82="PET", E82="X-Ray", E82="Mammography"), E82, "")) -> Pathology
A83: augmented-skin-conditions-image-dataset | B83: Augmented Skin Conditions Image Dataset | C83: Skin | D83: Skin | E83: Dermatoscope | F83: Dermoscopy | G83: 2394 | H83: 2394 | I83: =IFERROR(__xludf.DUMMYFUNCTION("XLOOKUP(B83, IMPORTRANGE(""https://docs.google.com/spreadsheets/d/1UBtmuaUf7_Fv957LMBmn6lMadUM-z7scKS8El4i3Thk/edit?usp=sharing"", ""sheet1!J:J""), IMPORTRANGE(""https://docs.google.com/spreadsheets/d/1UBtmuaUf7_Fv957LMBmn6lMadUM-z7scKS8El4i3Thk/edit?usp="&"sharing"", ""sheet1!AA:AA""), 0)"),"https://www.kaggle.com/datasets/syedalinaqvi/augmented-skin-conditions-image-dataset") -> https://www.kaggle.com/datasets/syedalinaqvi/augmented-skin-conditions-image-dataset | J83: =IF(OR(F83="MRI", F83="Ultrasound", F83="Endoscopy", F83="Dermoscopy", F83="Fundus", F83="OCTA", F83="OCT"), F83, IF(OR(E83="Microscopy", E83="Histopathology", E83="Pathology", E83="CT", E83="PET", E83="X-Ray", E83="Mammography"), E83, "")) -> Dermoscopy
A84: all-isic-data-20240629 | B84: ISIC-2024 | C84: Skin | D84: Skin | E84: Dermoscopic | F84: Dermoscopy | G84: 81722 | H84: 81722 | I84: =IFERROR(__xludf.DUMMYFUNCTION("XLOOKUP(B84, IMPORTRANGE(""https://docs.google.com/spreadsheets/d/1UBtmuaUf7_Fv957LMBmn6lMadUM-z7scKS8El4i3Thk/edit?usp=sharing"", ""sheet1!J:J""), IMPORTRANGE(""https://docs.google.com/spreadsheets/d/1UBtmuaUf7_Fv957LMBmn6lMadUM-z7scKS8El4i3Thk/edit?usp="&"sharing"", ""sheet1!AA:AA""), 0)"),"https://www.kaggle.com/competitions/isic-2024-challenge") -> https://www.kaggle.com/competitions/isic-2024-challenge | J84: =IF(OR(F84="MRI", F84="Ultrasound", F84="Endoscopy", F84="Dermoscopy", F84="Fundus", F84="OCTA", F84="OCT"), F84, IF(OR(E84="Microscopy", E84="Histopathology", E84="Pathology", E84="CT", E84="PET", E84="X-Ray", E84="Mammography"), E84, "")) -> Dermoscopy
A85: dataverse_files | B85: HAM10000 | C85: Skin | D85: Skin | E85: Dermoscopy | F85: Dermoscopy | G85: 11526 | H85: 11526 | I85: =IFERROR(__xludf.DUMMYFUNCTION("XLOOKUP(B85, IMPORTRANGE(""https://docs.google.com/spreadsheets/d/1UBtmuaUf7_Fv957LMBmn6lMadUM-z7scKS8El4i3Thk/edit?usp=sharing"", ""sheet1!J:J""), IMPORTRANGE(""https://docs.google.com/spreadsheets/d/1UBtmuaUf7_Fv957LMBmn6lMadUM-z7scKS8El4i3Thk/edit?usp="&"sharing"", ""sheet1!AA:AA""), 0)"),"https://dataverse.harvard.edu/dataset.xhtml?persistentId=doi:10.7910/DVN/DBW86T") -> https://dataverse.harvard.edu/dataset.xhtml?persistentId=doi:10.7910/DVN/DBW86T | J85: =IF(OR(F85="MRI", F85="Ultrasound", F85="Endoscopy", F85="Dermoscopy", F85="Fundus", F85="OCTA", F85="OCT"), F85, IF(OR(E85="Microscopy", E85="Histopathology", E85="Pathology", E85="CT", E85="PET", E85="X-Ray", E85="Mammography"), E85, "")) -> Dermoscopy
A86: PDDCA-1.4.1_part1 | B86: Head and Neck Auto Segmentation | C86: Skin | D86: Skin | E86: CT | F86: CT | G86: 9227 | H86: 16 | I86: =IFERROR(__xludf.DUMMYFUNCTION("XLOOKUP(B86, IMPORTRANGE(""https://docs.google.com/spreadsheets/d/1UBtmuaUf7_Fv957LMBmn6lMadUM-z7scKS8El4i3Thk/edit?usp=sharing"", ""sheet1!J:J""), IMPORTRANGE(""https://docs.google.com/spreadsheets/d/1UBtmuaUf7_Fv957LMBmn6lMadUM-z7scKS8El4i3Thk/edit?usp="&"sharing"", ""sheet1!AA:AA""), 0)"),"http://www.imagenglab.com/wiki/mediawiki/index.php?title=2015_MICCAI_Challenge") -> http://www.imagenglab.com/wiki/mediawiki/index.php?title=2015_MICCAI_Challenge | J86: =IF(OR(F86="MRI", F86="Ultrasound", F86="Endoscopy", F86="Dermoscopy", F86="Fundus", F86="OCTA", F86="OCT"), F86, IF(OR(E86="Microscopy", E86="Histopathology", E86="Pathology", E86="CT", E86="PET", E86="X-Ray", E86="Mammography"), E86, "")) -> CT
A87: PDDCA-1.4.1_part2 | B87: Head and Neck Auto Segmentation | C87: Skin | D87: Skin | E87: CT | F87: CT | G87: 9433 | H87: 16 | I87: =IFERROR(__xludf.DUMMYFUNCTION("XLOOKUP(B87, IMPORTRANGE(""https://docs.google.com/spreadsheets/d/1UBtmuaUf7_Fv957LMBmn6lMadUM-z7scKS8El4i3Thk/edit?usp=sharing"", ""sheet1!J:J""), IMPORTRANGE(""https://docs.google.com/spreadsheets/d/1UBtmuaUf7_Fv957LMBmn6lMadUM-z7scKS8El4i3Thk/edit?usp="&"sharing"", ""sheet1!AA:AA""), 0)"),"http://www.imagenglab.com/wiki/mediawiki/index.php?title=2015_MICCAI_Challenge") -> http://www.imagenglab.com/wiki/mediawiki/index.php?title=2015_MICCAI_Challenge | J87: =IF(OR(F87="MRI", F87="Ultrasound", F87="Endoscopy", F87="Dermoscopy", F87="Fundus", F87="OCTA", F87="OCT"), F87, IF(OR(E87="Microscopy", E87="Histopathology", E87="Pathology", E87="CT", E87="PET", E87="X-Ray", E87="Mammography"), E87, "")) -> CT
A88: PDDCA-1.4.1_part3 | B88: Head and Neck Auto Segmentation | C88: Skin | D88: Skin | E88: CT | F88: CT | G88: 9386 | H88: 16 | I88: =IFERROR(__xludf.DUMMYFUNCTION("XLOOKUP(B88, IMPORTRANGE(""https://docs.google.com/spreadsheets/d/1UBtmuaUf7_Fv957LMBmn6lMadUM-z7scKS8El4i3Thk/edit?usp=sharing"", ""sheet1!J:J""), IMPORTRANGE(""https://docs.google.com/spreadsheets/d/1UBtmuaUf7_Fv957LMBmn6lMadUM-z7scKS8El4i3Thk/edit?usp="&"sharing"", ""sheet1!AA:AA""), 0)"),"http://www.imagenglab.com/wiki/mediawiki/index.php?title=2015_MICCAI_Challenge") -> http://www.imagenglab.com/wiki/mediawiki/index.php?title=2015_MICCAI_Challenge | J88: =IF(OR(F88="MRI", F88="Ultrasound", F88="Endoscopy", F88="Dermoscopy", F88="Fundus", F88="OCTA", F88="OCT"), F88, IF(OR(E88="Microscopy", E88="Histopathology", E88="Pathology", E88="CT", E88="PET", E88="X-Ray", E88="Mammography"), E88, "")) -> CT
A89: MoNuSAC_images_and_annotations | B89: MoNuSAC2020 | C89: Skin | D89: Skin | E89: Histopathology | F89: Microscopy | G89: 209 | H89: 209 | I89: =IFERROR(__xludf.DUMMYFUNCTION("XLOOKUP(B89, IMPORTRANGE(""https://docs.google.com/spreadsheets/d/1UBtmuaUf7_Fv957LMBmn6lMadUM-z7scKS8El4i3Thk/edit?usp=sharing"", ""sheet1!J:J""), IMPORTRANGE(""https://docs.google.com/spreadsheets/d/1UBtmuaUf7_Fv957LMBmn6lMadUM-z7scKS8El4i3Thk/edit?usp="&"sharing"", ""sheet1!AA:AA""), 0)"),"https://monusac-2020.grand-challenge.org") -> https://monusac-2020.grand-challenge.org | J89: =IF(OR(F89="MRI", F89="Ultrasound", F89="Endoscopy", F89="Dermoscopy", F89="Fundus", F89="OCTA", F89="OCT"), F89, IF(OR(E89="Microscopy", E89="Histopathology", E89="Pathology", E89="CT", E89="PET", E89="X-Ray", E89="Mammography"), E89, "")) -> Histopathology
A90: HVSMR | B90: HVSMR | C90: Heart | D90: Heart | E90: MRI | F90: MRI | G90: 23098 | I90: =IFERROR(__xludf.DUMMYFUNCTION("XLOOKUP(B90, IMPORTRANGE(""https://docs.google.com/spreadsheets/d/1UBtmuaUf7_Fv957LMBmn6lMadUM-z7scKS8El4i3Thk/edit?usp=sharing"", ""sheet1!J:J""), IMPORTRANGE(""https://docs.google.com/spreadsheets/d/1UBtmuaUf7_Fv957LMBmn6lMadUM-z7scKS8El4i3Thk/edit?usp="&"sharing"", ""sheet1!AA:AA""), 0)"),"https://segchd.csail.mit.edu/") -> https://segchd.csail.mit.edu/ | J90: =IF(OR(F90="MRI", F90="Ultrasound", F90="Endoscopy", F90="Dermoscopy", F90="Fundus", F90="OCTA", F90="OCT"), F90, IF(OR(E90="Microscopy", E90="Histopathology", E90="Pathology", E90="CT", E90="PET", E90="X-Ray", E90="Mammography"), E90, "")) -> MRI
A91: ACDC | B91: ACDC | C91: Heart | D91: Chest | E91: MRI | F91: MRI | G91: 121757 | H91: 150 | I91: =IFERROR(__xludf.DUMMYFUNCTION("XLOOKUP(B91, IMPORTRANGE(""https://docs.google.com/spreadsheets/d/1UBtmuaUf7_Fv957LMBmn6lMadUM-z7scKS8El4i3Thk/edit?usp=sharing"", ""sheet1!J:J""), IMPORTRANGE(""https://docs.google.com/spreadsheets/d/1UBtmuaUf7_Fv957LMBmn6lMadUM-z7scKS8El4i3Thk/edit?usp="&"sharing"", ""sheet1!AA:AA""), 0)"),"https://www.creatis.insa-lyon.fr/Challenge/acdc/") -> https://www.creatis.insa-lyon.fr/Challenge/acdc/ | J91: =IF(OR(F91="MRI", F91="Ultrasound", F91="Endoscopy", F91="Dermoscopy", F91="Fundus", F91="OCTA", F91="OCT"), F91, IF(OR(E91="Microscopy", E91="Histopathology", E91="Pathology", E91="CT", E91="PET", E91="X-Ray", E91="Mammography"), E91, "")) -> MRI
A92: amrgatlas | B92: AMRG Cardiac Atlas | C92: Heart | D92: Heart and Blood Vessels | E92: MRI (Cine, T1, Phase Contrast, Tagging) | F92: MRI | G92: 81722 | I92: =IFERROR(__xludf.DUMMYFUNCTION("XLOOKUP(B92, IMPORTRANGE(""https://docs.google.com/spreadsheets/d/1UBtmuaUf7_Fv957LMBmn6lMadUM-z7scKS8El4i3Thk/edit?usp=sharing"", ""sheet1!J:J""), IMPORTRANGE(""https://docs.google.com/spreadsheets/d/1UBtmuaUf7_Fv957LMBmn6lMadUM-z7scKS8El4i3Thk/edit?usp="&"sharing"", ""sheet1!AA:AA""), 0)"),"https://www.cardiacatlas.org/amrg-cardiac-atlas") -> https://www.cardiacatlas.org/amrg-cardiac-atlas | J92: =IF(OR(F92="MRI", F92="Ultrasound", F92="Endoscopy", F92="Dermoscopy", F92="Fundus", F92="OCTA", F92="OCT"), F92, IF(OR(E92="Microscopy", E92="Histopathology", E92="Pathology", E92="CT", E92="PET", E92="X-Ray", E92="Mammography"), E92, "")) -> MRI
A93: Angoiographic | B93: Angiographic dataset for stenosis detection | C93: Heart | D93: Heart and Blood Vessels | E93: X-ray Coronary Angiography (cine) | F93: X-Ray | G93: 19744 | H93: 8325 | I93: =IFERROR(__xludf.DUMMYFUNCTION("XLOOKUP(B93, IMPORTRANGE(""https://docs.google.com/spreadsheets/d/1UBtmuaUf7_Fv957LMBmn6lMadUM-z7scKS8El4i3Thk/edit?usp=sharing"", ""sheet1!J:J""), IMPORTRANGE(""https://docs.google.com/spreadsheets/d/1UBtmuaUf7_Fv957LMBmn6lMadUM-z7scKS8El4i3Thk/edit?usp="&"sharing"", ""sheet1!AA:AA""), 0)"),"https://data.mendeley.com/datasets/ydrm75xywg/1") -> https://data.mendeley.com/datasets/ydrm75xywg/1 | J93: X-ray
A94: AtriaSegmentation | B94: Atria Segmentaion 2018 | C94: Heart | D94: Heart and Blood Vessels | E94: MRI (GE-MRI) | F94: MRI | G94: 100127 | H94: 154 | I94: =IFERROR(__xludf.DUMMYFUNCTION("XLOOKUP(B94, IMPORTRANGE(""https://docs.google.com/spreadsheets/d/1UBtmuaUf7_Fv957LMBmn6lMadUM-z7scKS8El4i3Thk/edit?usp=sharing"", ""sheet1!J:J""), IMPORTRANGE(""https://docs.google.com/spreadsheets/d/1UBtmuaUf7_Fv957LMBmn6lMadUM-z7scKS8El4i3Thk/edit?usp="&"sharing"", ""sheet1!AA:AA""), 0)"),"https://www.cardiacatlas.org/atriaseg2018-challenge") -> https://www.cardiacatlas.org/atriaseg2018-challenge | J94: =IF(OR(F94="MRI", F94="Ultrasound", F94="Endoscopy", F94="Dermoscopy", F94="Fundus", F94="OCTA", F94="OCT"), F94, IF(OR(E94="Microscopy", E94="Histopathology", E94="Pathology", E94="CT", E94="PET", E94="X-Ray", E94="Mammography"), E94, "")) -> MRI
A95: imagealcapa | B95: ImageALCAPA | C95: Heart | D95: Heart and Blood Vessels | E95: CT (CTA) | F95: CT | G95: 28055 | H95: 30 | I95: =IFERROR(__xludf.DUMMYFUNCTION("XLOOKUP(B95, IMPORTRANGE(""https://docs.google.com/spreadsheets/d/1UBtmuaUf7_Fv957LMBmn6lMadUM-z7scKS8El4i3Thk/edit?usp=sharing"", ""sheet1!J:J""), IMPORTRANGE(""https://docs.google.com/spreadsheets/d/1UBtmuaUf7_Fv957LMBmn6lMadUM-z7scKS8El4i3Thk/edit?usp="&"sharing"", ""sheet1!AA:AA""), 0)"),"https://www.kaggle.com/datasets/xiaoweixumedicalai/imagealcapa") -> https://www.kaggle.com/datasets/xiaoweixumedicalai/imagealcapa | J95: CT
A96: imagechd | B96: ImageCHD | C96: Heart | D96: Heart and Blood Vessels | E96: CT | F96: CT | G96: 114045 | H96: 110 | I96: =IFERROR(__xludf.DUMMYFUNCTION("XLOOKUP(B96, IMPORTRANGE(""https://docs.google.com/spreadsheets/d/1UBtmuaUf7_Fv957LMBmn6lMadUM-z7scKS8El4i3Thk/edit?usp=sharing"", ""sheet1!J:J""), IMPORTRANGE(""https://docs.google.com/spreadsheets/d/1UBtmuaUf7_Fv957LMBmn6lMadUM-z7scKS8El4i3Thk/edit?usp="&"sharing"", ""sheet1!AA:AA""), 0)"),"https://www.kaggle.com/datasets/xiaoweixumedicalai/imagechd") -> https://www.kaggle.com/datasets/xiaoweixumedicalai/imagechd | J96: =IF(OR(F96="MRI", F96="Ultrasound", F96="Endoscopy", F96="Dermoscopy", F96="Fundus", F96="OCTA", F96="OCT"), F96, IF(OR(E96="Microscopy", E96="Histopathology", E96="Pathology", E96="CT", E96="PET", E96="X-Ray", E96="Mammography"), E96, "")) -> CT
A97: imagetbad | B97: ImageTBAD | C97: Heart | D97: Heart and Blood Vessels | E97: CT (CTA) | F97: CT | G97: 90070 | H97: 100 | I97: =IFERROR(__xludf.DUMMYFUNCTION("XLOOKUP(B97, IMPORTRANGE(""https://docs.google.com/spreadsheets/d/1UBtmuaUf7_Fv957LMBmn6lMadUM-z7scKS8El4i3Thk/edit?usp=sharing"", ""sheet1!J:J""), IMPORTRANGE(""https://docs.google.com/spreadsheets/d/1UBtmuaUf7_Fv957LMBmn6lMadUM-z7scKS8El4i3Thk/edit?usp="&"sharing"", ""sheet1!AA:AA""), 0)"),"https://www.kaggle.com/datasets/xiaoweixumedicalai/imagetbad") -> https://www.kaggle.com/datasets/xiaoweixumedicalai/imagetbad | J97: CT
A98: BCI | B98: BCI | C98: Microscopy | D98: Breast | E98: Pathology | F98: Microscopy | G98: 9746 | H98: =4870*2 -> 9740 | I98: =IFERROR(__xludf.DUMMYFUNCTION("XLOOKUP(B98, IMPORTRANGE(""https://docs.google.com/spreadsheets/d/1UBtmuaUf7_Fv957LMBmn6lMadUM-z7scKS8El4i3Thk/edit?usp=sharing"", ""sheet1!J:J""), IMPORTRANGE(""https://docs.google.com/spreadsheets/d/1UBtmuaUf7_Fv957LMBmn6lMadUM-z7scKS8El4i3Thk/edit?usp="&"sharing"", ""sheet1!AA:AA""), 0)"),"https://bupt-ai-cz.github.io/BCI/") -> https://bupt-ai-cz.github.io/BCI/ | J98: =IF(OR(F98="MRI", F98="Ultrasound", F98="Endoscopy", F98="Dermoscopy", F98="Fundus", F98="OCTA", F98="OCT"), F98, IF(OR(E98="Microscopy", E98="Histopathology", E98="Pathology", E98="CT", E98="PET", E98="X-Ray", E98="Mammography"), E98, "")) -> Pathology
A99: MURA-v1.1 | B99: MURA | C99: Bone | D99: Muscle | E99: X-ray | F99: X-Ray | G99: 40005 | H99: 40561 | I99: =IFERROR(__xludf.DUMMYFUNCTION("XLOOKUP(B99, IMPORTRANGE(""https://docs.google.com/spreadsheets/d/1UBtmuaUf7_Fv957LMBmn6lMadUM-z7scKS8El4i3Thk/edit?usp=sharing"", ""sheet1!J:J""), IMPORTRANGE(""https://docs.google.com/spreadsheets/d/1UBtmuaUf7_Fv957LMBmn6lMadUM-z7scKS8El4i3Thk/edit?usp="&"sharing"", ""sheet1!AA:AA""), 0)"),"https://stanfordmlgroup.github.io/competitions/mura/") -> https://stanfordmlgroup.github.io/competitions/mura/ | J99: =IF(OR(F99="MRI", F99="Ultrasound", F99="Endoscopy", F99="Dermoscopy", F99="Fundus", F99="OCTA", F99="OCT"), F99, IF(OR(E99="Microscopy", E99="Histopathology", E99="Pathology", E99="CT", E99="PET", E99="X-Ray", E99="Mammography"), E99, "")) -> X-ray
A100: DigitalKnee | B100: Digital Knee X-ray Images | C100: Bone | D100: Joints | E100: X-ray | F100: X-Ray | G100: 3300 | H100: 3300 | I100: =IFERROR(__xludf.DUMMYFUNCTION("XLOOKUP(B100, IMPORTRANGE(""https://docs.google.com/spreadsheets/d/1UBtmuaUf7_Fv957LMBmn6lMadUM-z7scKS8El4i3Thk/edit?usp=sharing"", ""sheet1!J:J""), IMPORTRANGE(""https://docs.google.com/spreadsheets/d/1UBtmuaUf7_Fv957LMBmn6lMadUM-z7scKS8El4i3Thk/edit?usp"&"=sharing"", ""sheet1!AA:AA""), 0)"),"https://data.mendeley.com/datasets/t9ndx37v5h/1") -> https://data.mendeley.com/datasets/t9ndx37v5h/1 | J100: =IF(OR(F100="MRI", F100="Ultrasound", F100="Endoscopy", F100="Dermoscopy", F100="Fundus", F100="OCTA", F100="OCT"), F100, IF(OR(E100="Microscopy", E100="Histopathology", E100="Pathology", E100="CT", E100="PET", E100="X-Ray", E100="Mammography"), E100, "")) -> X-ray
...

Sheet Mixed Modalities
A1: Name | B1: Modalities | C1: Images | G1: Considered? | H1: is_3D | I1: What_if_count
A2: totalsegmentator.zip | B2: Mixed | E2: duplicate | G2: =IF(C2>0,1,0) -> 0
A3: BREAST-DIAGNOSIS | E3: no images | G3: =IF(C3>0,1,0) -> 0
A4: uta4 | B4: Mixed | C4: 3854 | G4: =IF(C4>0,1,0) -> 1 | H4: =IF(COUNTIF(Sheet14!A:A, A4)>0, 1, 0) -> 1 | I4: =if(H4=1,C4*2,C4) -> 7708
A5: 4D-Lung | E5: no images | G5: =IF(C5>0,1,0) -> 0
A6: OAISIS | B6: MRI, PET | E6: no images | G6: =IF(C6>0,1,0) -> 0
A7: MedFM | B7: Mixed | E7: contains others | G7: =IF(C7>0,1,0) -> 0
A8: MediastinalLymphNode | B8: Mixed | E8: no images | G8: =IF(C8>0,1,0) -> 0
A9: 2D-3D-GS | B9: Mixed | E9: only .mat | G9: =IF(C9>0,1,0) -> 0
A10: PASCAL | B10: Mixed | E10: .vtk - mesh files | G10: =IF(C10>0,1,0) -> 0
A11: MedMNIST | B11: Mixed | E11: not needed | G11: =IF(C11>0,1,0) -> 0
A12: ICDC-Glioma | B12: MRI, Histopathology | C12: 97857 | G12: =IF(C12>0,1,0) -> 1 | H12: =IF(COUNTIF(Sheet14!A:A, A12)>0, 1, 0) -> 1 | I12: =if(H12=1,C12*2,C12) -> 195714
A13: CRT-EPIGGY19 | B13: Mixed | E13: .vtk mesh files | G13: =IF(C13>0,1,0) -> 0
A14: TCGA-SARC | B14: CT, MRI | C14: 5653 | G14: =IF(C14>0,1,0) -> 1 | H14: =IF(COUNTIF(Sheet14!A:A, A14)>0, 1, 0) -> 0 | I14: =if(H14=1,C14*2,C14) -> 5653
A15: PMC-VQA | B15: Mixed | E15: not usable images, VQA dataset | G15: =IF(C15>0,1,0) -> 0
A16: Soft-tissue-Sarcoma | B16: CT, MRI | C16: 37465 | G16: =IF(C16>0,1,0) -> 1 | H16: =IF(COUNTIF(Sheet14!A:A, A16)>0, 1, 0) -> 0 | I16: =if(H16=1,C16*2,C16) -> 37465
A17: MedIMeta1 | B17: Mixed | C17: 400299 | G17: =IF(C17>0,1,0) -> 1 | H17: =IF(COUNTIF(Sheet14!A:A, A17)>0, 1, 0) -> 0 | I17: =if(H17=1,C17*2,C17) -> 400299
A18: TCGA-UCEC | B18: CT; PT; MR; CR | C18: 779596 | G18: =IF(C18>0,1,0) -> 1 | H18: =IF(COUNTIF(Sheet14!A:A, A18)>0, 1, 0) -> 1 | I18: =if(H18=1,C18*2,C18) -> 1559192
A19: TCGA-OV | B19: CT; MR; OT | C19: 53641 | G19: =IF(C19>0,1,0) -> 1 | H19: =IF(COUNTIF(Sheet14!A:A, A19)>0, 1, 0) -> 0 | I19: =if(H19=1,C19*2,C19) -> 53641
A20: CPTAC-UCEC | B20: CT; PET; MR; Ultrasound; Histopathology | C20: 245608 | G20: =IF(C20>0,1,0) -> 1 | H20: =IF(COUNTIF(Sheet14!A:A, A20)>0, 1, 0) -> 1 | I20: =if(H20=1,C20*2,C20) -> 491216
A21: CMB-OV | B21: CT; PET; Histopathology WSI | C21: 43849 | G21: =IF(C21>0,1,0) -> 1 | H21: =IF(COUNTIF(Sheet14!A:A, A21)>0, 1, 0) -> 0 | I21: =if(H21=1,C21*2,C21) -> 43849
A22: TCGA-LIHC | B22: CT, MR, PT | C22: 127088 | G22: =IF(C22>0,1,0) -> 1 | H22: =IF(COUNTIF(Sheet14!A:A, A22)>0, 1, 0) -> 1 | I22: =if(H22=1,C22*2,C22) -> 254176
A23: TCGA-KIRP | B23: CT, MR, PT | C23: 26623 | G23: =IF(C23>0,1,0) -> 1 | H23: =IF(COUNTIF(Sheet14!A:A, A23)>0, 1, 0) -> 0 | I23: =if(H23=1,C23*2,C23) -> 26623
A24: tciaDownload | B24: CT, MR, CR | C24: 296746 | G24: =IF(C24>0,1,0) -> 1 | H24: =IF(COUNTIF(Sheet14!A:A, A24)>0, 1, 0) -> 1 | I24: =if(H24=1,C24*2,C24) -> 593492
A25: TCGA-BLCA | B25: CT, MR, CR, PT, DX | C25: 417374 | G25: =IF(C25>0,1,0) -> 1 | H25: =IF(COUNTIF(Sheet14!A:A, A25)>0, 1, 0) -> 1 | I25: =if(H25=1,C25*2,C25) -> 834748
A26: TCGA-READ | B26: Histopathology & CT/MRI | C26: 1796 | G26: =IF(C26>0,1,0) -> 1 | H26: =IF(COUNTIF(Sheet14!A:A, A26)>0, 1, 0) -> 0 | I26: =if(H26=1,C26*2,C26) -> 1796
A27: SegThy | B27: MRI, US | C27: 37789 | G27: =IF(C27>0,1,0) -> 1 | H27: =IF(COUNTIF(Sheet14!A:A, A27)>0, 1, 0) -> 1 | I27: =if(H27=1,C27*2,C27) -> 75578
A28: TADPOLE | B28: MRI, PET | E28: Just csv files | G28: =IF(C28>0,1,0) -> 0
A29: TopCoW | B29: CTA, MRA | C29: 27177 | G29: =IF(C29>0,1,0) -> 1 | H29: =IF(COUNTIF(Sheet14!A:A, A29)>0, 1, 0) -> 1 | I29: =if(H29=1,C29*2,C29) -> 54354
A30: SynthStrip | B30: MRI, CT, PET | C30: 241056 | G30: =IF(C30>0,1,0) -> 1 | H30: =IF(COUNTIF(Sheet14!A:A, A30)>0, 1, 0) -> 1 | I30: =if(H30=1,C30*2,C30) -> 482112
A31: 3D-MR-MS | B31: MRI | C31: 110224 | G31: =IF(C31>0,1,0) -> 1 | H31: =IF(COUNTIF(Sheet14!A:A, A31)>0, 1, 0) -> 1 | I31: =if(H31=1,C31*2,C31) -> 220448
A32: CHAOS | B32: Mixed | C32: 18583 | G32: =IF(C32>0,1,0) -> 1 | H32: =IF(COUNTIF(Sheet14!A:A, A32)>0, 1, 0) -> 0 | I32: =if(H32=1,C32*2,C32) -> 18583
A33: HaN-Seg | B33: Mixed | C33: 1634 | G33: =IF(C33>0,1,0) -> 1 | H33: =IF(COUNTIF(Sheet14!A:A, A33)>0, 1, 0) -> 1 | I33: =if(H33=1,C33*2,C33) -> 3268
A34: ThoraxCBCT | B34: Mixed | C34: 18224 | G34: =IF(C34>0,1,0) -> 1 | H34: =IF(COUNTIF(Sheet14!A:A, A34)>0, 1, 0) -> 1 | I34: =if(H34=1,C34*2,C34) -> 36448
A35: rscbjbr9sj-2 | B35: Mixed | C35: 90339 | G35: =IF(C35>0,1,0) -> 1 | H35: =IF(COUNTIF(Sheet14!A:A, A35)>0, 1, 0) -> 0 | I35: =if(H35=1,C35*2,C35) -> 90339
A36: medseg | B36: CT, MRI | C36: 26578 | G36: =IF(C36>0,1,0) -> 1 | H36: =IF(COUNTIF(Sheet14!A:A, A36)>0, 1, 0) -> 1 | I36: =if(H36=1,C36*2,C36) -> 53156
A37: VisibleHuman | B37: Mixed | C37: 39 | G37: =IF(C37>0,1,0) -> 1 | H37: =IF(COUNTIF(Sheet14!A:A, A37)>0, 1, 0) -> 0 | I37: =if(H37=1,C37*2,C37) -> 39
A38: dataset_node21 | C38: 98691 | G38: =IF(C38>0,1,0) -> 1 | H38: =IF(COUNTIF(Sheet14!A:A, A38)>0, 1, 0) -> 1 | I38: =if(H38=1,C38*2,C38) -> 197382
A39: TCGA-PRAD | B39: CT; MR; PT | C39: 16783 | G39: =IF(C39>0,1,0) -> 1 | H39: =IF(COUNTIF(Sheet14!A:A, A39)>0, 1, 0) -> 0 | I39: =if(H39=1,C39*2,C39) -> 16783
B41: Total Images | C41: =SUM(C2:C39) -> 3224566 | F41: Processed Data | G41: =SUM(G2:G39) -> 26
F42: Not processed for some reason | G42: 12
F43: Total | G43: =G41+G42 -> 38

Sheet OmniMed-0.8M
A1: Modality | B1: Body Part | C1: Dataset Name | D1: Size | E1: Ratio-800k | F1: Ratio-30M | G1: Task | H1: Unzipped | I1: Included in CSV | J1: Permission | K1: Label | L1: Mask
A2: X-Ray | B2: Chest | C2: MIMIC-CXR | D2: 377100 | E2: =D2/$D$12 * 100 -> 38.36606 | F2: 3.22 | G2: Classification | H2: Yes | I2: Yes | J2: Yes | K2: Yes | L2: No
A3: CT | B3: Abdomen | C3: VinDr-Multiphase | D3: 392559 | E3: =D3/$D$12 * 100 -> 39.938854 | F3: 46.11 | G3: Classification | H3: Yes | I3: Yes | J3: Yes | K3: Yes | L3: No
A4: Microscopy | B4: Abdomen | C4: NCT-CRC-HE-100K | D4: 100000 | E4: =D4/$D$12 * 100 -> 10.173975 | F4: 3.75 | G4: Classification | H4: Yes | I4: Yes | J4: Yes | K4: Yes in folders | L4: No
A5: Endoscopy | B5: Abdomen | C5: Kvasir-Capsule | D5: 79473 | E5: =D5/$D$12 * 100 -> 8.0855631 | F5: 6.51 | G5: Classification | H5: Yes | I5: Yes | J5: Yes | K5: Yes in folders | L5: No
A6: Fundus | B6: Eye | C6: AOD, E-ophtha | D6: 15973 | E6: =D6/$D$12 * 100 -> 1.625089 | F6: 0.42 | G6: Classification, Segmentation | H6: Yes | I6: Yes | J6: Yes | K6: Yes in folders,Yes | L6: Yes
A7: Dermoscopy | B7: Skin | C7: fitzpatrick17k | D7: 16577 | E7: =D7/$D$12 * 100 -> 1.6865398 | F7: 3 | G7: Classification | H7: Yes | I7: Yes | J7: Yes | K7: No | L7: No
A8: OCT | B8: Eye | C8: ROSSA | D8: 818 | E8: =D8/$D$12 * 100 -> 0.083223115 | F8: 0 | G8: Segmentation | H8: Yes | I8: Yes | J8: Yes | K8: Yes | L8: Yes
A9: MRI | E9: 0 | F9: 31
A10: US | E10: 0 | F10: 6
A11: X-Ray | B11: Abdomen | C11: DrSAM | D11: 400 | E11: =D11/$D$12 * 100 -> 0.0406959 | G11: Segmentation | H11: Yes | I11: Yes | J11: Yes | K11: Yes | L11: Yes
D12: =SUM(D2:D11) -> 982900 | E12: =D12/$D$12 * 100 -> 100
A13: train.csv | B13: segmentation.csv
A14: DONE | B14: DONE
A18: OCT-A is the images which is not fundus
B23: Histopathology -> Microscopy | C23: Mammography -> X-Ray | D23: Pathological -> Microscopy
D36: CT 13,712,038 46.11
D37: OCTA 1,535 0.01
D38: MRI 9,133,353 30.71
D39: Fundus 125,230 0.42
D40: Endoscopy 1,934,837 6.51
D41: Dermoscopy 967,195 3.25
D42: X-Ray 957,461 3.22
D43: Microscopy 1,115,234 3.75
D44: Ultrasound 1,789,368 6.02
